excel_row,planilha_id,tipo,mensagem
877,867,UPDATE,OK
878,868,UPDATE,OK
1095,1085,UPDATE,OK
6909,6899,UPDATE,OK
6910,6900,UPDATE,OK
7197,7187,SKIP,Nome vazio
7198,7188,SKIP,Nome vazio
7199,7189,SKIP,Nome vazio
7200,7190,SKIP,Nome vazio
7201,7191,SKIP,Nome vazio
7202,7192,SKIP,Nome vazio
7203,7193,SKIP,Nome vazio
7204,7194,SKIP,Nome vazio
7205,7195,SKIP,Nome vazio
7206,7196,SKIP,Nome vazio
7207,7197,SKIP,Nome vazio
7208,7198,SKIP,Nome vazio
7209,7199,SKIP,Nome vazio
7210,7200,SKIP,Nome vazio
7211,7201,SKIP,Nome vazio
7212,7202,SKIP,Nome vazio
7213,7203,SKIP,Nome vazio
7214,7204,SKIP,Nome vazio
7215,7205,SKIP,Nome vazio
7216,7206,SKIP,Nome vazio
7217,7207,SKIP,Nome vazio
7218,7208,SKIP,Nome vazio
7219,7209,SKIP,Nome vazio
7220,7210,SKIP,Nome vazio
7221,7211,SKIP,Nome vazio
7222,7212,SKIP,Nome vazio
7223,7213,SKIP,Nome vazio
7224,7214,SKIP,Nome vazio
7225,7215,SKIP,Nome vazio
7226,7216,SKIP,Nome vazio
7227,7217,SKIP,Nome vazio
7228,7218,SKIP,Nome vazio
7229,7219,SKIP,Nome vazio
7230,7220,SKIP,Nome vazio
7231,7221,SKIP,Nome vazio
7232,7222,SKIP,Nome vazio
7233,7223,SKIP,Nome vazio
7234,7224,SKIP,Nome vazio
7235,7225,SKIP,Nome vazio
7236,7226,SKIP,Nome vazio
7237,7227,SKIP,Nome vazio
7238,7228,SKIP,Nome vazio
7239,7229,SKIP,Nome vazio
7240,7230,SKIP,Nome vazio
7241,7231,SKIP,Nome vazio
7242,7232,SKIP,Nome vazio
7243,7233,SKIP,Nome vazio
7244,7234,SKIP,Nome vazio
7245,7235,SKIP,Nome vazio
7246,7236,SKIP,Nome vazio
7247,7237,SKIP,Nome vazio
7248,7238,SKIP,Nome vazio
7249,7239,SKIP,Nome vazio
7250,7240,SKIP,Nome vazio
7251,7241,SKIP,Nome vazio
7252,7242,SKIP,Nome vazio
7253,7243,SKIP,Nome vazio
7254,7244,SKIP,Nome vazio
7255,7245,SKIP,Nome vazio
7256,7246,SKIP,Nome vazio
7257,7247,SKIP,Nome vazio
7258,7248,SKIP,Nome vazio
7259,7249,SKIP,Nome vazio
7260,7250,SKIP,Nome vazio
7261,7251,SKIP,Nome vazio
7262,7252,SKIP,Nome vazio
7263,7253,SKIP,Nome vazio
7264,7254,SKIP,Nome vazio
7265,7255,SKIP,Nome vazio
7266,7256,SKIP,Nome vazio
7267,7257,SKIP,Nome vazio
7268,7258,SKIP,Nome vazio
7269,7259,SKIP,Nome vazio
7270,7260,SKIP,Nome vazio
7271,7261,SKIP,Nome vazio
7272,7262,SKIP,Nome vazio
7273,7263,SKIP,Nome vazio
7274,7264,SKIP,Nome vazio
7275,7265,SKIP,Nome vazio
7276,7266,SKIP,Nome vazio
7277,7267,SKIP,Nome vazio
7278,7268,SKIP,Nome vazio
7279,7269,SKIP,Nome vazio
7280,7270,SKIP,Nome vazio
7281,7271,SKIP,Nome vazio
7282,7272,SKIP,Nome vazio
7283,7273,SKIP,Nome vazio
7284,7274,SKIP,Nome vazio
7285,7275,SKIP,Nome vazio
7286,7276,SKIP,Nome vazio
7287,7277,SKIP,Nome vazio
7288,7278,SKIP,Nome vazio
7289,7279,SKIP,Nome vazio
7290,7280,SKIP,Nome vazio
7291,7281,SKIP,Nome vazio
7292,7282,SKIP,Nome vazio
7293,7283,SKIP,Nome vazio
7294,7284,SKIP,Nome vazio
7295,7285,SKIP,Nome vazio
7296,7286,SKIP,Nome vazio
7297,7287,SKIP,Nome vazio
7298,7288,SKIP,Nome vazio
7299,7289,SKIP,Nome vazio
7300,7290,SKIP,Nome vazio
7301,7291,SKIP,Nome vazio
7302,7292,SKIP,Nome vazio
7303,7293,SKIP,Nome vazio
7304,7294,SKIP,Nome vazio
7305,7295,SKIP,Nome vazio
7306,7296,SKIP,Nome vazio
7307,7297,SKIP,Nome vazio
7308,7298,SKIP,Nome vazio
7309,7299,SKIP,Nome vazio
7310,7300,SKIP,Nome vazio
7311,7301,SKIP,Nome vazio
7312,7302,SKIP,Nome vazio
7313,7303,SKIP,Nome vazio
7314,7304,SKIP,Nome vazio
7315,7305,SKIP,Nome vazio
7316,7306,SKIP,Nome vazio
7317,7307,SKIP,Nome vazio
7318,7308,SKIP,Nome vazio
7319,7309,SKIP,Nome vazio
7320,7310,SKIP,Nome vazio
7321,7311,SKIP,Nome vazio
7322,7312,SKIP,Nome vazio
7323,7313,SKIP,Nome vazio
7324,7314,SKIP,Nome vazio
7325,7315,SKIP,Nome vazio
7326,7316,SKIP,Nome vazio
7327,7317,SKIP,Nome vazio
7328,7318,SKIP,Nome vazio
7329,7319,SKIP,Nome vazio
7330,7320,SKIP,Nome vazio
7331,7321,SKIP,Nome vazio
7332,7322,SKIP,Nome vazio
7333,7323,SKIP,Nome vazio
7334,7324,SKIP,Nome vazio
7335,7325,SKIP,Nome vazio
7336,7326,SKIP,Nome vazio
7337,7327,SKIP,Nome vazio
7338,7328,SKIP,Nome vazio
7339,7329,SKIP,Nome vazio
7340,7330,SKIP,Nome vazio
7341,7331,SKIP,Nome vazio
7342,7332,SKIP,Nome vazio
7343,7333,SKIP,Nome vazio
7344,7334,SKIP,Nome vazio
7345,7335,SKIP,Nome vazio
7346,7336,SKIP,Nome vazio
7347,7337,SKIP,Nome vazio
7348,7338,SKIP,Nome vazio
7349,7339,SKIP,Nome vazio
7350,7340,SKIP,Nome vazio
7351,7341,SKIP,Nome vazio
7352,7342,SKIP,Nome vazio
7353,7343,SKIP,Nome vazio
7354,7344,SKIP,Nome vazio
7355,7345,SKIP,Nome vazio
7356,7346,SKIP,Nome vazio
7357,7347,SKIP,Nome vazio
7358,7348,SKIP,Nome vazio
7359,7349,SKIP,Nome vazio
7360,7350,SKIP,Nome vazio
7361,7351,SKIP,Nome vazio
7362,7352,SKIP,Nome vazio
7363,7353,SKIP,Nome vazio
7364,7354,SKIP,Nome vazio
7365,7355,SKIP,Nome vazio
7366,7356,SKIP,Nome vazio
7367,7357,SKIP,Nome vazio
7368,7358,SKIP,Nome vazio
7369,7359,SKIP,Nome vazio
7370,7360,SKIP,Nome vazio
7371,7361,SKIP,Nome vazio
7372,7362,SKIP,Nome vazio
7373,7363,SKIP,Nome vazio
7374,7364,SKIP,Nome vazio
7375,7365,SKIP,Nome vazio
7376,7366,SKIP,Nome vazio
7377,7367,SKIP,Nome vazio
7378,7368,SKIP,Nome vazio
7379,7369,SKIP,Nome vazio
7380,7370,SKIP,Nome vazio
7381,7371,SKIP,Nome vazio
7382,7372,SKIP,Nome vazio
7383,7373,SKIP,Nome vazio
7384,7374,SKIP,Nome vazio
7385,7375,SKIP,Nome vazio
7386,7376,SKIP,Nome vazio
7387,7377,SKIP,Nome vazio
7388,7378,SKIP,Nome vazio
7389,7379,SKIP,Nome vazio
7390,7380,SKIP,Nome vazio
7391,7381,SKIP,Nome vazio
7392,7382,SKIP,Nome vazio
7393,7383,SKIP,Nome vazio
7394,7384,SKIP,Nome vazio
7395,7385,SKIP,Nome vazio
7396,7386,SKIP,Nome vazio
7397,7387,SKIP,Nome vazio
7398,7388,SKIP,Nome vazio
7399,7389,SKIP,Nome vazio
7400,7390,SKIP,Nome vazio
7401,7391,SKIP,Nome vazio
7402,7392,SKIP,Nome vazio
7403,7393,SKIP,Nome vazio
7404,7394,SKIP,Nome vazio
7405,7395,SKIP,Nome vazio
7406,7396,SKIP,Nome vazio
7407,7397,SKIP,Nome vazio
7408,7398,SKIP,Nome vazio
7409,7399,SKIP,Nome vazio
7410,7400,SKIP,Nome vazio
7411,7401,SKIP,Nome vazio
7412,7402,SKIP,Nome vazio
7413,7403,SKIP,Nome vazio
7414,7404,SKIP,Nome vazio
7415,7405,SKIP,Nome vazio
7416,7406,SKIP,Nome vazio
7417,7407,SKIP,Nome vazio
7418,7408,SKIP,Nome vazio
7419,7409,SKIP,Nome vazio
7420,7410,SKIP,Nome vazio
7421,7411,SKIP,Nome vazio
7422,7412,SKIP,Nome vazio
7423,7413,SKIP,Nome vazio
7424,7414,SKIP,Nome vazio
7425,7415,SKIP,Nome vazio
7426,7416,SKIP,Nome vazio
7427,7417,SKIP,Nome vazio
7428,7418,SKIP,Nome vazio
7429,7419,SKIP,Nome vazio
7430,7420,SKIP,Nome vazio
7431,7421,SKIP,Nome vazio
7432,7422,SKIP,Nome vazio
7433,7423,SKIP,Nome vazio
7434,7424,SKIP,Nome vazio
7435,7425,SKIP,Nome vazio
7436,7426,SKIP,Nome vazio
7437,7427,SKIP,Nome vazio
7438,7428,SKIP,Nome vazio
7439,7429,SKIP,Nome vazio
7440,7430,SKIP,Nome vazio
7441,7431,SKIP,Nome vazio
7442,7432,SKIP,Nome vazio
7443,7433,SKIP,Nome vazio
7444,7434,SKIP,Nome vazio
7445,7435,SKIP,Nome vazio
7446,7436,SKIP,Nome vazio
7447,7437,SKIP,Nome vazio
7448,7438,SKIP,Nome vazio
7449,7439,SKIP,Nome vazio
7450,7440,SKIP,Nome vazio
7451,7441,SKIP,Nome vazio
7452,7442,SKIP,Nome vazio
7453,7443,SKIP,Nome vazio
7454,7444,SKIP,Nome vazio
7455,7445,SKIP,Nome vazio
7456,7446,SKIP,Nome vazio
7457,7447,SKIP,Nome vazio
7458,7448,SKIP,Nome vazio
7459,7449,SKIP,Nome vazio
7460,7450,SKIP,Nome vazio
7461,7451,SKIP,Nome vazio
7462,7452,SKIP,Nome vazio
7463,7453,SKIP,Nome vazio
7464,7454,SKIP,Nome vazio
7465,7455,SKIP,Nome vazio
7466,7456,SKIP,Nome vazio
7467,7457,SKIP,Nome vazio
7468,7458,SKIP,Nome vazio
7469,7459,SKIP,Nome vazio
7470,7460,SKIP,Nome vazio
7471,7461,SKIP,Nome vazio
7472,7462,SKIP,Nome vazio
7473,7463,SKIP,Nome vazio
7474,7464,SKIP,Nome vazio
7475,7465,SKIP,Nome vazio
7476,7466,SKIP,Nome vazio
7477,7467,SKIP,Nome vazio
7478,7468,SKIP,Nome vazio
7479,7469,SKIP,Nome vazio
7480,7470,SKIP,Nome vazio
7481,7471,SKIP,Nome vazio
7482,7472,SKIP,Nome vazio
7483,7473,SKIP,Nome vazio
7484,7474,SKIP,Nome vazio
7485,7475,SKIP,Nome vazio
7486,7476,SKIP,Nome vazio
7487,7477,SKIP,Nome vazio
7488,7478,SKIP,Nome vazio
7489,7479,SKIP,Nome vazio
7490,7480,SKIP,Nome vazio
7491,7481,SKIP,Nome vazio
7492,7482,SKIP,Nome vazio
7493,7483,SKIP,Nome vazio
7494,7484,SKIP,Nome vazio
7495,7485,SKIP,Nome vazio
7496,7486,SKIP,Nome vazio
7497,7487,SKIP,Nome vazio
7498,7488,SKIP,Nome vazio
7499,7489,SKIP,Nome vazio
7500,7490,SKIP,Nome vazio
7501,7491,SKIP,Nome vazio
7502,7492,SKIP,Nome vazio
7503,7493,SKIP,Nome vazio
7504,7494,SKIP,Nome vazio
7505,7495,SKIP,Nome vazio
7506,7496,SKIP,Nome vazio
7507,7497,SKIP,Nome vazio
7508,7498,SKIP,Nome vazio
7509,7499,SKIP,Nome vazio
7510,7500,SKIP,Nome vazio
7511,7501,SKIP,Nome vazio
7512,7502,SKIP,Nome vazio
7513,7503,SKIP,Nome vazio
7514,7504,SKIP,Nome vazio
7515,7505,SKIP,Nome vazio
7516,7506,SKIP,Nome vazio
7517,7507,SKIP,Nome vazio
7518,7508,SKIP,Nome vazio
7519,7509,SKIP,Nome vazio
7520,7510,SKIP,Nome vazio
7521,7511,SKIP,Nome vazio
7522,7512,SKIP,Nome vazio
7523,7513,SKIP,Nome vazio
7524,7514,SKIP,Nome vazio
7525,7515,SKIP,Nome vazio
7526,7516,SKIP,Nome vazio
7527,7517,SKIP,Nome vazio
7528,7518,SKIP,Nome vazio
7529,7519,SKIP,Nome vazio
7530,7520,SKIP,Nome vazio
7531,7521,SKIP,Nome vazio
7532,7522,SKIP,Nome vazio
7533,7523,SKIP,Nome vazio
7534,7524,SKIP,Nome vazio
7535,7525,SKIP,Nome vazio
7536,7526,SKIP,Nome vazio
7537,7527,SKIP,Nome vazio
7538,7528,SKIP,Nome vazio
7539,7529,SKIP,Nome vazio
7540,7530,SKIP,Nome vazio
7541,7531,SKIP,Nome vazio
7542,7532,SKIP,Nome vazio
7543,7533,SKIP,Nome vazio
7544,7534,SKIP,Nome vazio
7545,7535,SKIP,Nome vazio
7546,7536,SKIP,Nome vazio
7547,7537,SKIP,Nome vazio
7548,7538,SKIP,Nome vazio
7549,7539,SKIP,Nome vazio
7550,7540,SKIP,Nome vazio
7551,7541,SKIP,Nome vazio
7552,7542,SKIP,Nome vazio
7553,7543,SKIP,Nome vazio
7554,7544,SKIP,Nome vazio
7555,7545,SKIP,Nome vazio
7556,7546,SKIP,Nome vazio
7557,7547,SKIP,Nome vazio
7558,7548,SKIP,Nome vazio
7559,7549,SKIP,Nome vazio
7560,7550,SKIP,Nome vazio
7561,7551,SKIP,Nome vazio
7562,7552,SKIP,Nome vazio
7563,7553,SKIP,Nome vazio
7564,7554,SKIP,Nome vazio
7565,7555,SKIP,Nome vazio
7566,7556,SKIP,Nome vazio
7567,7557,SKIP,Nome vazio
7568,7558,SKIP,Nome vazio
7569,7559,SKIP,Nome vazio
7570,7560,SKIP,Nome vazio
7571,7561,SKIP,Nome vazio
7572,7562,SKIP,Nome vazio
7573,7563,SKIP,Nome vazio
7574,7564,SKIP,Nome vazio
7575,7565,SKIP,Nome vazio
7576,7566,SKIP,Nome vazio
7577,7567,SKIP,Nome vazio
7578,7568,SKIP,Nome vazio
7579,7569,SKIP,Nome vazio
7580,7570,SKIP,Nome vazio
7581,7571,SKIP,Nome vazio
7582,7572,SKIP,Nome vazio
7583,7573,SKIP,Nome vazio
7584,7574,SKIP,Nome vazio
7585,7575,SKIP,Nome vazio
7586,7576,SKIP,Nome vazio
7587,7577,SKIP,Nome vazio
7588,7578,SKIP,Nome vazio
7589,7579,SKIP,Nome vazio
7590,7580,SKIP,Nome vazio
7591,7581,SKIP,Nome vazio
7592,7582,SKIP,Nome vazio
7593,7583,SKIP,Nome vazio
7594,7584,SKIP,Nome vazio
7595,7585,SKIP,Nome vazio
7596,7586,SKIP,Nome vazio
7597,7587,SKIP,Nome vazio
7598,7588,SKIP,Nome vazio
7599,7589,SKIP,Nome vazio
7600,7590,SKIP,Nome vazio
7601,7591,SKIP,Nome vazio
7602,7592,SKIP,Nome vazio
7603,7593,SKIP,Nome vazio
7604,7594,SKIP,Nome vazio
7605,7595,SKIP,Nome vazio
7606,7596,SKIP,Nome vazio
7607,7597,SKIP,Nome vazio
7608,7598,SKIP,Nome vazio
7609,7599,SKIP,Nome vazio
7610,7600,SKIP,Nome vazio
7611,7601,SKIP,Nome vazio
7612,7602,SKIP,Nome vazio
7613,7603,SKIP,Nome vazio
7614,7604,SKIP,Nome vazio
7615,7605,SKIP,Nome vazio
7616,7606,SKIP,Nome vazio
7617,7607,SKIP,Nome vazio
7618,7608,SKIP,Nome vazio
7619,7609,SKIP,Nome vazio
7620,7610,SKIP,Nome vazio
7621,7611,SKIP,Nome vazio
7622,7612,SKIP,Nome vazio
7623,7613,SKIP,Nome vazio
7624,7614,SKIP,Nome vazio
7625,7615,SKIP,Nome vazio
7626,7616,SKIP,Nome vazio
7627,7617,SKIP,Nome vazio
7628,7618,SKIP,Nome vazio
7629,7619,SKIP,Nome vazio
7630,7620,SKIP,Nome vazio
7631,7621,SKIP,Nome vazio
7632,7622,SKIP,Nome vazio
7633,7623,SKIP,Nome vazio
7634,7624,SKIP,Nome vazio
7635,7625,SKIP,Nome vazio
7636,7626,SKIP,Nome vazio
7637,7627,SKIP,Nome vazio
7638,7628,SKIP,Nome vazio
7639,7629,SKIP,Nome vazio
7640,7630,SKIP,Nome vazio
7641,7631,SKIP,Nome vazio
7642,7632,SKIP,Nome vazio
7643,7633,SKIP,Nome vazio
7644,7634,SKIP,Nome vazio
7645,7635,SKIP,Nome vazio
7646,7636,SKIP,Nome vazio
7647,7637,SKIP,Nome vazio
7648,7638,SKIP,Nome vazio
7649,7639,SKIP,Nome vazio
7650,7640,SKIP,Nome vazio
7651,7641,SKIP,Nome vazio
7652,7642,SKIP,Nome vazio
7653,7643,SKIP,Nome vazio
7654,7644,SKIP,Nome vazio
7655,7645,SKIP,Nome vazio
7656,7646,SKIP,Nome vazio
7657,7647,SKIP,Nome vazio
7658,7648,SKIP,Nome vazio
7659,7649,SKIP,Nome vazio
7660,7650,SKIP,Nome vazio
7661,7651,SKIP,Nome vazio
7662,7652,SKIP,Nome vazio
7663,7653,SKIP,Nome vazio
7664,7654,SKIP,Nome vazio
7665,7655,SKIP,Nome vazio
7666,7656,SKIP,Nome vazio
7667,7657,SKIP,Nome vazio
7668,7658,SKIP,Nome vazio
7669,7659,SKIP,Nome vazio
7670,7660,SKIP,Nome vazio
7671,7661,SKIP,Nome vazio
7672,7662,SKIP,Nome vazio
7673,7663,SKIP,Nome vazio
7674,7664,SKIP,Nome vazio
7675,7665,SKIP,Nome vazio
7676,7666,SKIP,Nome vazio
7677,7667,SKIP,Nome vazio
7678,7668,SKIP,Nome vazio
7679,7669,SKIP,Nome vazio
7680,7670,SKIP,Nome vazio
7681,7671,SKIP,Nome vazio
7682,7672,SKIP,Nome vazio
7683,7673,SKIP,Nome vazio
7684,7674,SKIP,Nome vazio
7685,7675,SKIP,Nome vazio
7686,7676,SKIP,Nome vazio
7687,7677,SKIP,Nome vazio
7688,7678,SKIP,Nome vazio
7689,7679,SKIP,Nome vazio
7690,7680,SKIP,Nome vazio
7691,7681,SKIP,Nome vazio
7692,7682,SKIP,Nome vazio
7693,7683,SKIP,Nome vazio
7694,7684,SKIP,Nome vazio
7695,7685,SKIP,Nome vazio
7696,7686,SKIP,Nome vazio
7697,7687,SKIP,Nome vazio
7698,7688,SKIP,Nome vazio
7699,7689,SKIP,Nome vazio
7700,7690,SKIP,Nome vazio
7701,7691,SKIP,Nome vazio
7702,7692,SKIP,Nome vazio
7703,7693,SKIP,Nome vazio
7704,7694,SKIP,Nome vazio
7705,7695,SKIP,Nome vazio
7706,7696,SKIP,Nome vazio
7707,7697,SKIP,Nome vazio
7708,7698,SKIP,Nome vazio
7709,7699,SKIP,Nome vazio
7710,7700,SKIP,Nome vazio
7711,7701,SKIP,Nome vazio
7712,7702,SKIP,Nome vazio
7713,7703,SKIP,Nome vazio
7714,7704,SKIP,Nome vazio
7715,7705,SKIP,Nome vazio
7716,7706,SKIP,Nome vazio
7717,7707,SKIP,Nome vazio
7718,7708,SKIP,Nome vazio
7719,7709,SKIP,Nome vazio
7720,7710,SKIP,Nome vazio
7721,7711,SKIP,Nome vazio
7722,7712,SKIP,Nome vazio
7723,7713,SKIP,Nome vazio
7724,7714,SKIP,Nome vazio
7725,7715,SKIP,Nome vazio
7726,7716,SKIP,Nome vazio
7727,7717,SKIP,Nome vazio
7728,7718,SKIP,Nome vazio
7729,7719,SKIP,Nome vazio
7730,7720,SKIP,Nome vazio
7731,7721,SKIP,Nome vazio
7732,7722,SKIP,Nome vazio
7733,7723,SKIP,Nome vazio
7734,7724,SKIP,Nome vazio
7735,7725,SKIP,Nome vazio
7736,7726,SKIP,Nome vazio
7737,7727,SKIP,Nome vazio
7738,7728,SKIP,Nome vazio
7739,7729,SKIP,Nome vazio
7740,7730,SKIP,Nome vazio
7741,7731,SKIP,Nome vazio
7742,7732,SKIP,Nome vazio
7743,7733,SKIP,Nome vazio
7744,7734,SKIP,Nome vazio
7745,7735,SKIP,Nome vazio
7746,7736,SKIP,Nome vazio
7747,7737,SKIP,Nome vazio
7748,7738,SKIP,Nome vazio
7749,7739,SKIP,Nome vazio
7750,7740,SKIP,Nome vazio
7751,7741,SKIP,Nome vazio
7752,7742,SKIP,Nome vazio
7753,7743,SKIP,Nome vazio
7754,7744,SKIP,Nome vazio
7755,7745,SKIP,Nome vazio
7756,7746,SKIP,Nome vazio
7757,7747,SKIP,Nome vazio
7758,7748,SKIP,Nome vazio
7759,7749,SKIP,Nome vazio
7760,7750,SKIP,Nome vazio
7761,7751,SKIP,Nome vazio
7762,7752,SKIP,Nome vazio
7763,7753,SKIP,Nome vazio
7764,7754,SKIP,Nome vazio
7765,7755,SKIP,Nome vazio
7766,7756,SKIP,Nome vazio
7767,7757,SKIP,Nome vazio
7768,7758,SKIP,Nome vazio
7769,7759,SKIP,Nome vazio
7770,7760,SKIP,Nome vazio
7771,7761,SKIP,Nome vazio
7772,7762,SKIP,Nome vazio
7773,7763,SKIP,Nome vazio
7774,7764,SKIP,Nome vazio
7775,7765,SKIP,Nome vazio
7776,7766,SKIP,Nome vazio
7777,7767,SKIP,Nome vazio
7778,7768,SKIP,Nome vazio
7779,7769,SKIP,Nome vazio
7780,7770,SKIP,Nome vazio
7781,7771,SKIP,Nome vazio
7782,7772,SKIP,Nome vazio
7783,7773,SKIP,Nome vazio
7784,7774,SKIP,Nome vazio
7785,7775,SKIP,Nome vazio
7786,7776,SKIP,Nome vazio
7787,7777,SKIP,Nome vazio
7788,7778,SKIP,Nome vazio
7789,7779,SKIP,Nome vazio
7790,7780,SKIP,Nome vazio
7791,7781,SKIP,Nome vazio
7792,7782,SKIP,Nome vazio
7793,7783,SKIP,Nome vazio
7794,7784,SKIP,Nome vazio
7795,7785,SKIP,Nome vazio
7796,7786,SKIP,Nome vazio
7797,7787,SKIP,Nome vazio
7798,7788,SKIP,Nome vazio
7799,7789,SKIP,Nome vazio
7800,7790,SKIP,Nome vazio
7801,7791,SKIP,Nome vazio
7802,7792,SKIP,Nome vazio
7803,7793,SKIP,Nome vazio
7804,7794,SKIP,Nome vazio
7805,7795,SKIP,Nome vazio
7806,7796,SKIP,Nome vazio
7807,7797,SKIP,Nome vazio
7808,7798,SKIP,Nome vazio
7809,7799,SKIP,Nome vazio
7810,7800,SKIP,Nome vazio
7811,7801,SKIP,Nome vazio
7812,7802,SKIP,Nome vazio
7813,7803,SKIP,Nome vazio
7814,7804,SKIP,Nome vazio
7815,7805,SKIP,Nome vazio
7816,7806,SKIP,Nome vazio
7817,7807,SKIP,Nome vazio
7818,7808,SKIP,Nome vazio
7819,7809,SKIP,Nome vazio
7820,7810,SKIP,Nome vazio
7821,7811,SKIP,Nome vazio
7822,7812,SKIP,Nome vazio
7823,7813,SKIP,Nome vazio
7824,7814,SKIP,Nome vazio
7825,7815,SKIP,Nome vazio
7826,7816,SKIP,Nome vazio
7827,7817,SKIP,Nome vazio
7828,7818,SKIP,Nome vazio
7829,7819,SKIP,Nome vazio
7830,7820,SKIP,Nome vazio
7831,7821,SKIP,Nome vazio
7832,7822,SKIP,Nome vazio
7833,7823,SKIP,Nome vazio
7834,7824,SKIP,Nome vazio
7835,7825,SKIP,Nome vazio
7836,7826,SKIP,Nome vazio
7837,7827,SKIP,Nome vazio
7838,7828,SKIP,Nome vazio
7839,7829,SKIP,Nome vazio
7840,7830,SKIP,Nome vazio
7841,7831,SKIP,Nome vazio
7842,7832,SKIP,Nome vazio
7843,7833,SKIP,Nome vazio
7844,7834,SKIP,Nome vazio
7845,7835,SKIP,Nome vazio
7846,7836,SKIP,Nome vazio
7847,7837,SKIP,Nome vazio
7848,7838,SKIP,Nome vazio
7849,7839,SKIP,Nome vazio
7850,7840,SKIP,Nome vazio
7851,7841,SKIP,Nome vazio
7852,7842,SKIP,Nome vazio
7853,7843,SKIP,Nome vazio
7854,7844,SKIP,Nome vazio
7855,7845,SKIP,Nome vazio
7856,7846,SKIP,Nome vazio
7857,7847,SKIP,Nome vazio
7858,7848,SKIP,Nome vazio
7859,7849,SKIP,Nome vazio
7860,7850,SKIP,Nome vazio
7861,7851,SKIP,Nome vazio
7862,7852,SKIP,Nome vazio
7863,7853,SKIP,Nome vazio
7864,7854,SKIP,Nome vazio
7865,7855,SKIP,Nome vazio
7866,7856,SKIP,Nome vazio
7867,7857,SKIP,Nome vazio
7868,7858,SKIP,Nome vazio
7869,7859,SKIP,Nome vazio
7870,7860,SKIP,Nome vazio
7871,7861,SKIP,Nome vazio
7872,7862,SKIP,Nome vazio
7873,7863,SKIP,Nome vazio
7874,7864,SKIP,Nome vazio
7875,7865,SKIP,Nome vazio
7876,7866,SKIP,Nome vazio
7877,7867,SKIP,Nome vazio
7878,7868,SKIP,Nome vazio
7879,7869,SKIP,Nome vazio
7880,7870,SKIP,Nome vazio
7881,7871,SKIP,Nome vazio
7882,7872,SKIP,Nome vazio
7883,7873,SKIP,Nome vazio
7884,7874,SKIP,Nome vazio
7885,7875,SKIP,Nome vazio
7886,7876,SKIP,Nome vazio
7887,7877,SKIP,Nome vazio
7888,7878,SKIP,Nome vazio
7889,7879,SKIP,Nome vazio
7890,7880,SKIP,Nome vazio
7891,7881,SKIP,Nome vazio
7892,7882,SKIP,Nome vazio
7893,7883,SKIP,Nome vazio
7894,7884,SKIP,Nome vazio
7895,7885,SKIP,Nome vazio
7896,7886,SKIP,Nome vazio
7897,7887,SKIP,Nome vazio
7898,7888,SKIP,Nome vazio
7899,7889,SKIP,Nome vazio
7900,7890,SKIP,Nome vazio
7901,7891,SKIP,Nome vazio
7902,7892,SKIP,Nome vazio
7903,7893,SKIP,Nome vazio
7904,7894,SKIP,Nome vazio
7905,7895,SKIP,Nome vazio
7906,7896,SKIP,Nome vazio
7907,7897,SKIP,Nome vazio
7908,7898,SKIP,Nome vazio
7909,7899,SKIP,Nome vazio
7910,7900,SKIP,Nome vazio
7911,7901,SKIP,Nome vazio
7912,7902,SKIP,Nome vazio
7913,7903,SKIP,Nome vazio
7914,7904,SKIP,Nome vazio
7915,7905,SKIP,Nome vazio
7916,7906,SKIP,Nome vazio
7917,7907,SKIP,Nome vazio
7918,7908,SKIP,Nome vazio
7919,7909,SKIP,Nome vazio
7920,7910,SKIP,Nome vazio
7921,7911,SKIP,Nome vazio
7922,7912,SKIP,Nome vazio
7923,7913,SKIP,Nome vazio
7924,7914,SKIP,Nome vazio
7925,7915,SKIP,Nome vazio
7926,7916,SKIP,Nome vazio
7927,7917,SKIP,Nome vazio
7928,7918,SKIP,Nome vazio
7929,7919,SKIP,Nome vazio
7930,7920,SKIP,Nome vazio
7931,7921,SKIP,Nome vazio
7932,7922,SKIP,Nome vazio
7933,7923,SKIP,Nome vazio
7934,7924,SKIP,Nome vazio
7935,7925,SKIP,Nome vazio
7936,7926,SKIP,Nome vazio
7937,7927,SKIP,Nome vazio
7938,7928,SKIP,Nome vazio
7939,7929,SKIP,Nome vazio
7940,7930,SKIP,Nome vazio
7941,7931,SKIP,Nome vazio
7942,7932,SKIP,Nome vazio
7943,7933,SKIP,Nome vazio
7944,7934,SKIP,Nome vazio
7945,7935,SKIP,Nome vazio
7946,7936,SKIP,Nome vazio
7947,7937,SKIP,Nome vazio
7948,7938,SKIP,Nome vazio
7949,7939,SKIP,Nome vazio
7950,7940,SKIP,Nome vazio
7951,7941,SKIP,Nome vazio
7952,7942,SKIP,Nome vazio
7953,7943,SKIP,Nome vazio
7954,7944,SKIP,Nome vazio
7955,7945,SKIP,Nome vazio
7956,7946,SKIP,Nome vazio
7957,7947,SKIP,Nome vazio
7958,7948,SKIP,Nome vazio
7959,7949,SKIP,Nome vazio
7960,7950,SKIP,Nome vazio
7961,7951,SKIP,Nome vazio
7962,7952,SKIP,Nome vazio
7963,7953,SKIP,Nome vazio
7964,7954,SKIP,Nome vazio
7965,7955,SKIP,Nome vazio
7966,7956,SKIP,Nome vazio
7967,7957,SKIP,Nome vazio
7968,7958,SKIP,Nome vazio
7969,7959,SKIP,Nome vazio
7970,7960,SKIP,Nome vazio
7971,7961,SKIP,Nome vazio
7972,7962,SKIP,Nome vazio
7973,7963,SKIP,Nome vazio
7974,7964,SKIP,Nome vazio
7975,7965,SKIP,Nome vazio
7976,7966,SKIP,Nome vazio
7977,7967,SKIP,Nome vazio
7978,7968,SKIP,Nome vazio
7979,7969,SKIP,Nome vazio
7980,7970,SKIP,Nome vazio
7981,7971,SKIP,Nome vazio
7982,7972,SKIP,Nome vazio
7983,7973,SKIP,Nome vazio
7984,7974,SKIP,Nome vazio
7985,7975,SKIP,Nome vazio
7986,7976,SKIP,Nome vazio
7987,7977,SKIP,Nome vazio
7988,7978,SKIP,Nome vazio
7989,7979,SKIP,Nome vazio
7990,7980,SKIP,Nome vazio
7991,7981,SKIP,Nome vazio
7992,7982,SKIP,Nome vazio
7993,7983,SKIP,Nome vazio
7994,7984,SKIP,Nome vazio
7995,7985,SKIP,Nome vazio
7996,7986,SKIP,Nome vazio
7997,7987,SKIP,Nome vazio
7998,7988,SKIP,Nome vazio
7999,7989,SKIP,Nome vazio
8000,7990,SKIP,Nome vazio
8001,7991,SKIP,Nome vazio
8002,7992,SKIP,Nome vazio
8003,7993,SKIP,Nome vazio
8004,7994,SKIP,Nome vazio
8005,7995,SKIP,Nome vazio
8006,7996,SKIP,Nome vazio
8007,7997,SKIP,Nome vazio
8008,7998,SKIP,Nome vazio
8009,7999,SKIP,Nome vazio
8010,8000,SKIP,Nome vazio
8011,8001,SKIP,Nome vazio
8012,8002,SKIP,Nome vazio
8013,8003,SKIP,Nome vazio
8014,8004,SKIP,Nome vazio
8015,8005,SKIP,Nome vazio
8016,8006,SKIP,Nome vazio
8017,8007,SKIP,Nome vazio
8018,8008,SKIP,Nome vazio
8019,8009,SKIP,Nome vazio
8020,8010,SKIP,Nome vazio
8021,8011,SKIP,Nome vazio
8022,8012,SKIP,Nome vazio
8023,8013,SKIP,Nome vazio
8024,8014,SKIP,Nome vazio
8025,8015,SKIP,Nome vazio
8026,8016,SKIP,Nome vazio
8027,8017,SKIP,Nome vazio
8028,8018,SKIP,Nome vazio
8029,8019,SKIP,Nome vazio
8030,8020,SKIP,Nome vazio
8031,8021,SKIP,Nome vazio
8032,8022,SKIP,Nome vazio
8033,8023,SKIP,Nome vazio
8034,8024,SKIP,Nome vazio
8035,8025,SKIP,Nome vazio
8036,8026,SKIP,Nome vazio
8037,8027,SKIP,Nome vazio
8038,8028,SKIP,Nome vazio
8039,8029,SKIP,Nome vazio
8040,8030,SKIP,Nome vazio
8041,8031,SKIP,Nome vazio
8042,8032,SKIP,Nome vazio
8043,8033,SKIP,Nome vazio
8044,8034,SKIP,Nome vazio
8045,8035,SKIP,Nome vazio
8046,8036,SKIP,Nome vazio
8047,8037,SKIP,Nome vazio
8048,8038,SKIP,Nome vazio
8049,8039,SKIP,Nome vazio
8050,8040,SKIP,Nome vazio
8051,8041,SKIP,Nome vazio
8052,8042,SKIP,Nome vazio
8053,8043,SKIP,Nome vazio
8054,8044,SKIP,Nome vazio
8055,8045,SKIP,Nome vazio
8056,8046,SKIP,Nome vazio
8057,8047,SKIP,Nome vazio
8058,8048,SKIP,Nome vazio
8059,8049,SKIP,Nome vazio
8060,8050,SKIP,Nome vazio
8061,8051,SKIP,Nome vazio
8062,8052,SKIP,Nome vazio
8063,8053,SKIP,Nome vazio
8064,8054,SKIP,Nome vazio
8065,8055,SKIP,Nome vazio
8066,8056,SKIP,Nome vazio
8067,8057,SKIP,Nome vazio
8068,8058,SKIP,Nome vazio
8069,8059,SKIP,Nome vazio
8070,8060,SKIP,Nome vazio
8071,8061,SKIP,Nome vazio
8072,8062,SKIP,Nome vazio
8073,8063,SKIP,Nome vazio
8074,8064,SKIP,Nome vazio
8075,8065,SKIP,Nome vazio
8076,8066,SKIP,Nome vazio
8077,8067,SKIP,Nome vazio
8078,8068,SKIP,Nome vazio
8079,8069,SKIP,Nome vazio
8080,8070,SKIP,Nome vazio
8081,8071,SKIP,Nome vazio
8082,8072,SKIP,Nome vazio
8083,8073,SKIP,Nome vazio
8084,8074,SKIP,Nome vazio
8085,8075,SKIP,Nome vazio
8086,8076,SKIP,Nome vazio
8087,8077,SKIP,Nome vazio
8088,8078,SKIP,Nome vazio
8089,8079,SKIP,Nome vazio
8090,8080,SKIP,Nome vazio
8091,8081,SKIP,Nome vazio
8092,8082,SKIP,Nome vazio
8093,8083,SKIP,Nome vazio
8094,8084,SKIP,Nome vazio
8095,8085,SKIP,Nome vazio
8096,8086,SKIP,Nome vazio
8097,8087,SKIP,Nome vazio
8098,8088,SKIP,Nome vazio
8099,8089,SKIP,Nome vazio
8100,8090,SKIP,Nome vazio
8101,8091,SKIP,Nome vazio
8102,8092,SKIP,Nome vazio
8103,8093,SKIP,Nome vazio
8104,8094,SKIP,Nome vazio
8105,8095,SKIP,Nome vazio
8106,8096,SKIP,Nome vazio
8107,8097,SKIP,Nome vazio
8108,8098,SKIP,Nome vazio
8109,8099,SKIP,Nome vazio
8110,8100,SKIP,Nome vazio
8111,8101,SKIP,Nome vazio
8112,8102,SKIP,Nome vazio
8113,8103,SKIP,Nome vazio
8114,8104,SKIP,Nome vazio
8115,8105,SKIP,Nome vazio
8116,8106,SKIP,Nome vazio
8117,8107,SKIP,Nome vazio
8118,8108,SKIP,Nome vazio
8119,8109,SKIP,Nome vazio
8120,8110,SKIP,Nome vazio
8121,8111,SKIP,Nome vazio
8122,8112,SKIP,Nome vazio
8123,8113,SKIP,Nome vazio
8124,8114,SKIP,Nome vazio
8125,8115,SKIP,Nome vazio
8126,8116,SKIP,Nome vazio
8127,8117,SKIP,Nome vazio
8128,8118,SKIP,Nome vazio
8129,8119,SKIP,Nome vazio
8130,8120,SKIP,Nome vazio
8131,8121,SKIP,Nome vazio
8132,8122,SKIP,Nome vazio
8133,8123,SKIP,Nome vazio
8134,8124,SKIP,Nome vazio
8135,8125,SKIP,Nome vazio
8136,8126,SKIP,Nome vazio
8137,8127,SKIP,Nome vazio
8138,8128,SKIP,Nome vazio
8139,8129,SKIP,Nome vazio
8140,8130,SKIP,Nome vazio
8141,8131,SKIP,Nome vazio
8142,8132,SKIP,Nome vazio
8143,8133,SKIP,Nome vazio
8144,8134,SKIP,Nome vazio
8145,8135,SKIP,Nome vazio
8146,8136,SKIP,Nome vazio
8147,8137,SKIP,Nome vazio
8148,8138,SKIP,Nome vazio
8149,8139,SKIP,Nome vazio
8150,8140,SKIP,Nome vazio
8151,8141,SKIP,Nome vazio
8152,8142,SKIP,Nome vazio
8153,8143,SKIP,Nome vazio
8154,8144,SKIP,Nome vazio
8155,8145,SKIP,Nome vazio
8156,8146,SKIP,Nome vazio
8157,8147,SKIP,Nome vazio
8158,8148,SKIP,Nome vazio
8159,8149,SKIP,Nome vazio
8160,8150,SKIP,Nome vazio
8161,8151,SKIP,Nome vazio
8162,8152,SKIP,Nome vazio
8163,8153,SKIP,Nome vazio
8164,8154,SKIP,Nome vazio
8165,8155,SKIP,Nome vazio
8166,8156,SKIP,Nome vazio
8167,8157,SKIP,Nome vazio
8168,8158,SKIP,Nome vazio
8169,8159,SKIP,Nome vazio
8170,8160,SKIP,Nome vazio
8171,8161,SKIP,Nome vazio
8172,8162,SKIP,Nome vazio
8173,8163,SKIP,Nome vazio
8174,8164,SKIP,Nome vazio
8175,8165,SKIP,Nome vazio
8176,8166,SKIP,Nome vazio
8177,8167,SKIP,Nome vazio
8178,8168,SKIP,Nome vazio
8179,8169,SKIP,Nome vazio
8180,8170,SKIP,Nome vazio
8181,8171,SKIP,Nome vazio
8182,8172,SKIP,Nome vazio
8183,8173,SKIP,Nome vazio
8184,8174,SKIP,Nome vazio
8185,8175,SKIP,Nome vazio
8186,8176,SKIP,Nome vazio
8187,8177,SKIP,Nome vazio
8188,8178,SKIP,Nome vazio
8189,8179,SKIP,Nome vazio
8190,8180,SKIP,Nome vazio
8191,8181,SKIP,Nome vazio
8192,8182,SKIP,Nome vazio
8193,8183,SKIP,Nome vazio
8194,8184,SKIP,Nome vazio
8195,8185,SKIP,Nome vazio
8196,8186,SKIP,Nome vazio
8197,8187,SKIP,Nome vazio
8198,8188,SKIP,Nome vazio
8199,8189,SKIP,Nome vazio
8200,8190,SKIP,Nome vazio
8201,8191,SKIP,Nome vazio
8202,8192,SKIP,Nome vazio
8203,8193,SKIP,Nome vazio
8204,8194,SKIP,Nome vazio
8205,8195,SKIP,Nome vazio
8206,8196,SKIP,Nome vazio
8207,8197,SKIP,Nome vazio
8208,8198,SKIP,Nome vazio
8209,8199,SKIP,Nome vazio
8210,8200,SKIP,Nome vazio
8211,8201,SKIP,Nome vazio
8212,8202,SKIP,Nome vazio
8213,8203,SKIP,Nome vazio
8214,8204,SKIP,Nome vazio
8215,8205,SKIP,Nome vazio
8216,8206,SKIP,Nome vazio
8217,8207,SKIP,Nome vazio
8218,8208,SKIP,Nome vazio
8219,8209,SKIP,Nome vazio
8220,8210,SKIP,Nome vazio
8221,8211,SKIP,Nome vazio
8222,8212,SKIP,Nome vazio
8223,8213,SKIP,Nome vazio
8224,8214,SKIP,Nome vazio
8225,8215,SKIP,Nome vazio
8226,8216,SKIP,Nome vazio
8227,8217,SKIP,Nome vazio
8228,8218,SKIP,Nome vazio
8229,8219,SKIP,Nome vazio
8230,8220,SKIP,Nome vazio
8231,8221,SKIP,Nome vazio
8232,8222,SKIP,Nome vazio
8233,8223,SKIP,Nome vazio
8234,8224,SKIP,Nome vazio
8235,8225,SKIP,Nome vazio
8236,8226,SKIP,Nome vazio
8237,8227,SKIP,Nome vazio
8238,8228,SKIP,Nome vazio
8239,8229,SKIP,Nome vazio
8240,8230,SKIP,Nome vazio
8241,8231,SKIP,Nome vazio
8242,8232,SKIP,Nome vazio
8243,8233,SKIP,Nome vazio
8244,8234,SKIP,Nome vazio
8245,8235,SKIP,Nome vazio
8246,8236,SKIP,Nome vazio
8247,8237,SKIP,Nome vazio
8248,8238,SKIP,Nome vazio
8249,8239,SKIP,Nome vazio
8250,8240,SKIP,Nome vazio
8251,8241,SKIP,Nome vazio
8252,8242,SKIP,Nome vazio
8253,8243,SKIP,Nome vazio
8254,8244,SKIP,Nome vazio
8255,8245,SKIP,Nome vazio
8256,8246,SKIP,Nome vazio
8257,8247,SKIP,Nome vazio
8258,8248,SKIP,Nome vazio
8259,8249,SKIP,Nome vazio
8260,8250,SKIP,Nome vazio
8261,8251,SKIP,Nome vazio
8262,8252,SKIP,Nome vazio
8263,8253,SKIP,Nome vazio
8264,8254,SKIP,Nome vazio
8265,8255,SKIP,Nome vazio
8266,8256,SKIP,Nome vazio
8267,8257,SKIP,Nome vazio
8268,8258,SKIP,Nome vazio
8269,8259,SKIP,Nome vazio
8270,8260,SKIP,Nome vazio
8271,8261,SKIP,Nome vazio
8272,8262,SKIP,Nome vazio
8273,8263,SKIP,Nome vazio
8274,8264,SKIP,Nome vazio
8275,8265,SKIP,Nome vazio
8276,8266,SKIP,Nome vazio
8277,8267,SKIP,Nome vazio
8278,8268,SKIP,Nome vazio
8279,8269,SKIP,Nome vazio
8280,8270,SKIP,Nome vazio
8281,8271,SKIP,Nome vazio
8282,8272,SKIP,Nome vazio
8283,8273,SKIP,Nome vazio
8284,8274,SKIP,Nome vazio
8285,8275,SKIP,Nome vazio
8286,8276,SKIP,Nome vazio
8287,8277,SKIP,Nome vazio
8288,8278,SKIP,Nome vazio
8289,8279,SKIP,Nome vazio
8290,8280,SKIP,Nome vazio
8291,8281,SKIP,Nome vazio
8292,8282,SKIP,Nome vazio
8293,8283,SKIP,Nome vazio
8294,8284,SKIP,Nome vazio
8295,8285,SKIP,Nome vazio
8296,8286,SKIP,Nome vazio
8297,8287,SKIP,Nome vazio
8298,8288,SKIP,Nome vazio
8299,8289,SKIP,Nome vazio
8300,8290,SKIP,Nome vazio
8301,8291,SKIP,Nome vazio
8302,8292,SKIP,Nome vazio
8303,8293,SKIP,Nome vazio
8304,8294,SKIP,Nome vazio
8305,8295,SKIP,Nome vazio
8306,8296,SKIP,Nome vazio
8307,8297,SKIP,Nome vazio
8308,8298,SKIP,Nome vazio
8309,8299,SKIP,Nome vazio
8310,8300,SKIP,Nome vazio
8311,8301,SKIP,Nome vazio
8312,8302,SKIP,Nome vazio
8313,8303,SKIP,Nome vazio
8314,8304,SKIP,Nome vazio
8315,8305,SKIP,Nome vazio
8316,8306,SKIP,Nome vazio
8317,8307,SKIP,Nome vazio
8318,8308,SKIP,Nome vazio
8319,8309,SKIP,Nome vazio
8320,8310,SKIP,Nome vazio
8321,8311,SKIP,Nome vazio
8322,8312,SKIP,Nome vazio
8323,8313,SKIP,Nome vazio
8324,8314,SKIP,Nome vazio
8325,8315,SKIP,Nome vazio
8326,8316,SKIP,Nome vazio
8327,8317,SKIP,Nome vazio
8328,8318,SKIP,Nome vazio
8329,8319,SKIP,Nome vazio
8330,8320,SKIP,Nome vazio
8331,8321,SKIP,Nome vazio
8332,8322,SKIP,Nome vazio
8333,8323,SKIP,Nome vazio
8334,8324,SKIP,Nome vazio
8335,8325,SKIP,Nome vazio
8336,8326,SKIP,Nome vazio
8337,8327,SKIP,Nome vazio
8338,8328,SKIP,Nome vazio
8339,8329,SKIP,Nome vazio
8340,8330,SKIP,Nome vazio
8341,8331,SKIP,Nome vazio
8342,8332,SKIP,Nome vazio
8343,8333,SKIP,Nome vazio
8344,8334,SKIP,Nome vazio
8345,8335,SKIP,Nome vazio
8346,8336,SKIP,Nome vazio
8347,8337,SKIP,Nome vazio
8348,8338,SKIP,Nome vazio
8349,8339,SKIP,Nome vazio
8350,8340,SKIP,Nome vazio
8351,8341,SKIP,Nome vazio
8352,8342,SKIP,Nome vazio
8353,8343,SKIP,Nome vazio
8354,8344,SKIP,Nome vazio
8355,8345,SKIP,Nome vazio
8356,8346,SKIP,Nome vazio
8357,8347,SKIP,Nome vazio
8358,8348,SKIP,Nome vazio
8359,8349,SKIP,Nome vazio
8360,8350,SKIP,Nome vazio
8361,8351,SKIP,Nome vazio
8362,8352,SKIP,Nome vazio
8363,8353,SKIP,Nome vazio
8364,8354,SKIP,Nome vazio
8365,8355,SKIP,Nome vazio
8366,8356,SKIP,Nome vazio
8367,8357,SKIP,Nome vazio
8368,8358,SKIP,Nome vazio
8369,8359,SKIP,Nome vazio
8370,8360,SKIP,Nome vazio
8371,8361,SKIP,Nome vazio
8372,8362,SKIP,Nome vazio
8373,8363,SKIP,Nome vazio
8374,8364,SKIP,Nome vazio
8375,8365,SKIP,Nome vazio
8376,8366,SKIP,Nome vazio
8377,8367,SKIP,Nome vazio
8378,8368,SKIP,Nome vazio
8379,8369,SKIP,Nome vazio
8380,8370,SKIP,Nome vazio
8381,8371,SKIP,Nome vazio
8382,8372,SKIP,Nome vazio
8383,8373,SKIP,Nome vazio
8384,8374,SKIP,Nome vazio
8385,8375,SKIP,Nome vazio
8386,8376,SKIP,Nome vazio
8387,8377,SKIP,Nome vazio
8388,8378,SKIP,Nome vazio
8389,8379,SKIP,Nome vazio
8390,8380,SKIP,Nome vazio
8391,8381,SKIP,Nome vazio
8392,8382,SKIP,Nome vazio
8393,8383,SKIP,Nome vazio
8394,8384,SKIP,Nome vazio
8395,8385,SKIP,Nome vazio
8396,8386,SKIP,Nome vazio
8397,8387,SKIP,Nome vazio
8398,8388,SKIP,Nome vazio
8399,8389,SKIP,Nome vazio
8400,8390,SKIP,Nome vazio
8401,8391,SKIP,Nome vazio
8402,8392,SKIP,Nome vazio
8403,8393,SKIP,Nome vazio
8404,8394,SKIP,Nome vazio
8405,8395,SKIP,Nome vazio
8406,8396,SKIP,Nome vazio
8407,8397,SKIP,Nome vazio
8408,8398,SKIP,Nome vazio
8409,8399,SKIP,Nome vazio
8410,8400,SKIP,Nome vazio
8411,8401,SKIP,Nome vazio
8412,8402,SKIP,Nome vazio
8413,8403,SKIP,Nome vazio
8414,8404,SKIP,Nome vazio
8415,8405,SKIP,Nome vazio
8416,8406,SKIP,Nome vazio
8417,8407,SKIP,Nome vazio
8418,8408,SKIP,Nome vazio
8419,8409,SKIP,Nome vazio
8420,8410,SKIP,Nome vazio
8421,8411,SKIP,Nome vazio
8422,8412,SKIP,Nome vazio
8423,8413,SKIP,Nome vazio
8424,8414,SKIP,Nome vazio
8425,8415,SKIP,Nome vazio
8426,8416,SKIP,Nome vazio
8427,8417,SKIP,Nome vazio
8428,8418,SKIP,Nome vazio
8429,8419,SKIP,Nome vazio
8430,8420,SKIP,Nome vazio
8431,8421,SKIP,Nome vazio
8432,8422,SKIP,Nome vazio
8433,8423,SKIP,Nome vazio
8434,8424,SKIP,Nome vazio
8435,8425,SKIP,Nome vazio
8436,8426,SKIP,Nome vazio
8437,8427,SKIP,Nome vazio
8438,8428,SKIP,Nome vazio
8439,8429,SKIP,Nome vazio
8440,8430,SKIP,Nome vazio
8441,8431,SKIP,Nome vazio
8442,8432,SKIP,Nome vazio
8443,8433,SKIP,Nome vazio
8444,8434,SKIP,Nome vazio
8445,8435,SKIP,Nome vazio
8446,8436,SKIP,Nome vazio
8447,8437,SKIP,Nome vazio
8448,8438,SKIP,Nome vazio
8449,8439,SKIP,Nome vazio
8450,8440,SKIP,Nome vazio
8451,8441,SKIP,Nome vazio
8452,8442,SKIP,Nome vazio
8453,8443,SKIP,Nome vazio
8454,8444,SKIP,Nome vazio
8455,8445,SKIP,Nome vazio
8456,8446,SKIP,Nome vazio
8457,8447,SKIP,Nome vazio
8458,8448,SKIP,Nome vazio
8459,8449,SKIP,Nome vazio
8460,8450,SKIP,Nome vazio
8461,8451,SKIP,Nome vazio
8462,8452,SKIP,Nome vazio
8463,8453,SKIP,Nome vazio
8464,8454,SKIP,Nome vazio
8465,8455,SKIP,Nome vazio
8466,8456,SKIP,Nome vazio
8467,8457,SKIP,Nome vazio
8468,8458,SKIP,Nome vazio
8469,8459,SKIP,Nome vazio
8470,8460,SKIP,Nome vazio
8471,8461,SKIP,Nome vazio
8472,8462,SKIP,Nome vazio
8473,8463,SKIP,Nome vazio
8474,8464,SKIP,Nome vazio
8475,8465,SKIP,Nome vazio
8476,8466,SKIP,Nome vazio
8477,8467,SKIP,Nome vazio
8478,8468,SKIP,Nome vazio
8479,8469,SKIP,Nome vazio
8480,8470,SKIP,Nome vazio
8481,8471,SKIP,Nome vazio
8482,8472,SKIP,Nome vazio
8483,8473,SKIP,Nome vazio
8484,8474,SKIP,Nome vazio
8485,8475,SKIP,Nome vazio
8486,8476,SKIP,Nome vazio
8487,8477,SKIP,Nome vazio
8488,8478,SKIP,Nome vazio
8489,8479,SKIP,Nome vazio
8490,8480,SKIP,Nome vazio
8491,8481,SKIP,Nome vazio
8492,8482,SKIP,Nome vazio
8493,8483,SKIP,Nome vazio
8494,8484,SKIP,Nome vazio
8495,8485,SKIP,Nome vazio
8496,8486,SKIP,Nome vazio
8497,8487,SKIP,Nome vazio
8498,8488,SKIP,Nome vazio
8499,8489,SKIP,Nome vazio
8500,8490,SKIP,Nome vazio
8501,8491,SKIP,Nome vazio
8502,8492,SKIP,Nome vazio
8503,8493,SKIP,Nome vazio
8504,8494,SKIP,Nome vazio
8505,8495,SKIP,Nome vazio
8506,8496,SKIP,Nome vazio
8507,8497,SKIP,Nome vazio
8508,8498,SKIP,Nome vazio
8509,8499,SKIP,Nome vazio
8510,8500,SKIP,Nome vazio
8511,8501,SKIP,Nome vazio
8512,8502,SKIP,Nome vazio
8513,8503,SKIP,Nome vazio
8514,8504,SKIP,Nome vazio
8515,8505,SKIP,Nome vazio
8516,8506,SKIP,Nome vazio
8517,8507,SKIP,Nome vazio
8518,8508,SKIP,Nome vazio
8519,8509,SKIP,Nome vazio
8520,8510,SKIP,Nome vazio
8521,8511,SKIP,Nome vazio
8522,8512,SKIP,Nome vazio
8523,8513,SKIP,Nome vazio
8524,8514,SKIP,Nome vazio
8525,8515,SKIP,Nome vazio
8526,8516,SKIP,Nome vazio
8527,8517,SKIP,Nome vazio
8528,8518,SKIP,Nome vazio
8529,8519,SKIP,Nome vazio
8530,8520,SKIP,Nome vazio
8531,8521,SKIP,Nome vazio
8532,8522,SKIP,Nome vazio
8533,8523,SKIP,Nome vazio
8534,8524,SKIP,Nome vazio
8535,8525,SKIP,Nome vazio
8536,8526,SKIP,Nome vazio
8537,8527,SKIP,Nome vazio
8538,8528,SKIP,Nome vazio
8539,8529,SKIP,Nome vazio
8540,8530,SKIP,Nome vazio
8541,8531,SKIP,Nome vazio
8542,8532,SKIP,Nome vazio
8543,8533,SKIP,Nome vazio
8544,8534,SKIP,Nome vazio
8545,8535,SKIP,Nome vazio
8546,8536,SKIP,Nome vazio
8547,8537,SKIP,Nome vazio
8548,8538,SKIP,Nome vazio
8549,8539,SKIP,Nome vazio
8550,8540,SKIP,Nome vazio
8551,8541,SKIP,Nome vazio
8552,8542,SKIP,Nome vazio
8553,8543,SKIP,Nome vazio
8554,8544,SKIP,Nome vazio
8555,8545,SKIP,Nome vazio
8556,8546,SKIP,Nome vazio
8557,8547,SKIP,Nome vazio
8558,8548,SKIP,Nome vazio
8559,8549,SKIP,Nome vazio
8560,8550,SKIP,Nome vazio
8561,8551,SKIP,Nome vazio
8562,8552,SKIP,Nome vazio
8563,8553,SKIP,Nome vazio
8564,8554,SKIP,Nome vazio
8565,8555,SKIP,Nome vazio
8566,8556,SKIP,Nome vazio
8567,8557,SKIP,Nome vazio
8568,8558,SKIP,Nome vazio
8569,8559,SKIP,Nome vazio
8570,8560,SKIP,Nome vazio
8571,8561,SKIP,Nome vazio
8572,8562,SKIP,Nome vazio
8573,8563,SKIP,Nome vazio
8574,8564,SKIP,Nome vazio
8575,8565,SKIP,Nome vazio
8576,8566,SKIP,Nome vazio
8577,8567,SKIP,Nome vazio
8578,8568,SKIP,Nome vazio
8579,8569,SKIP,Nome vazio
8580,8570,SKIP,Nome vazio
8581,8571,SKIP,Nome vazio
8582,8572,SKIP,Nome vazio
8583,8573,SKIP,Nome vazio
8584,8574,SKIP,Nome vazio
8585,8575,SKIP,Nome vazio
8586,8576,SKIP,Nome vazio
8587,8577,SKIP,Nome vazio
8588,8578,SKIP,Nome vazio
8589,8579,SKIP,Nome vazio
8590,8580,SKIP,Nome vazio
8591,8581,SKIP,Nome vazio
8592,8582,SKIP,Nome vazio
8593,8583,SKIP,Nome vazio
8594,8584,SKIP,Nome vazio
8595,8585,SKIP,Nome vazio
8596,8586,SKIP,Nome vazio
8597,8587,SKIP,Nome vazio
8598,8588,SKIP,Nome vazio
8599,8589,SKIP,Nome vazio
8600,8590,SKIP,Nome vazio
8601,8591,SKIP,Nome vazio
8602,8592,SKIP,Nome vazio
8603,8593,SKIP,Nome vazio
8604,8594,SKIP,Nome vazio
8605,8595,SKIP,Nome vazio
8606,8596,SKIP,Nome vazio
8607,8597,SKIP,Nome vazio
8608,8598,SKIP,Nome vazio
8609,8599,SKIP,Nome vazio
8610,8600,SKIP,Nome vazio
8611,8601,SKIP,Nome vazio
8612,8602,SKIP,Nome vazio
8613,8603,SKIP,Nome vazio
8614,8604,SKIP,Nome vazio
8615,8605,SKIP,Nome vazio
8616,8606,SKIP,Nome vazio
8617,8607,SKIP,Nome vazio
8618,8608,SKIP,Nome vazio
8619,8609,SKIP,Nome vazio
8620,8610,SKIP,Nome vazio
8621,8611,SKIP,Nome vazio
8622,8612,SKIP,Nome vazio
8623,8613,SKIP,Nome vazio
8624,8614,SKIP,Nome vazio
8625,8615,SKIP,Nome vazio
8626,8616,SKIP,Nome vazio
8627,8617,SKIP,Nome vazio
8628,8618,SKIP,Nome vazio
8629,8619,SKIP,Nome vazio
8630,8620,SKIP,Nome vazio
8631,8621,SKIP,Nome vazio
8632,8622,SKIP,Nome vazio
8633,8623,SKIP,Nome vazio
8634,8624,SKIP,Nome vazio
8635,8625,SKIP,Nome vazio
8636,8626,SKIP,Nome vazio
8637,8627,SKIP,Nome vazio
8638,8628,SKIP,Nome vazio
8639,8629,SKIP,Nome vazio
8640,8630,SKIP,Nome vazio
8641,8631,SKIP,Nome vazio
8642,8632,SKIP,Nome vazio
8643,8633,SKIP,Nome vazio
8644,8634,SKIP,Nome vazio
8645,8635,SKIP,Nome vazio
8646,8636,SKIP,Nome vazio
8647,8637,SKIP,Nome vazio
8648,8638,SKIP,Nome vazio
8649,8639,SKIP,Nome vazio
8650,8640,SKIP,Nome vazio
8651,8641,SKIP,Nome vazio
8652,8642,SKIP,Nome vazio
8653,8643,SKIP,Nome vazio
8654,8644,SKIP,Nome vazio
8655,8645,SKIP,Nome vazio
8656,8646,SKIP,Nome vazio
8657,8647,SKIP,Nome vazio
8658,8648,SKIP,Nome vazio
8659,8649,SKIP,Nome vazio
8660,8650,SKIP,Nome vazio
8661,8651,SKIP,Nome vazio
8662,8652,SKIP,Nome vazio
8663,8653,SKIP,Nome vazio
8664,8654,SKIP,Nome vazio
8665,8655,SKIP,Nome vazio
8666,8656,SKIP,Nome vazio
8667,8657,SKIP,Nome vazio
8668,8658,SKIP,Nome vazio
8669,8659,SKIP,Nome vazio
8670,8660,SKIP,Nome vazio
8671,8661,SKIP,Nome vazio
8672,8662,SKIP,Nome vazio
8673,8663,SKIP,Nome vazio
8674,8664,SKIP,Nome vazio
8675,8665,SKIP,Nome vazio
8676,8666,SKIP,Nome vazio
8677,8667,SKIP,Nome vazio
8678,8668,SKIP,Nome vazio
8679,8669,SKIP,Nome vazio
8680,8670,SKIP,Nome vazio
8681,8671,SKIP,Nome vazio
8682,8672,SKIP,Nome vazio
8683,8673,SKIP,Nome vazio
8684,8674,SKIP,Nome vazio
8685,8675,SKIP,Nome vazio
8686,8676,SKIP,Nome vazio
8687,8677,SKIP,Nome vazio
8688,8678,SKIP,Nome vazio
8689,8679,SKIP,Nome vazio
8690,8680,SKIP,Nome vazio
8691,8681,SKIP,Nome vazio
8692,8682,SKIP,Nome vazio
8693,8683,SKIP,Nome vazio
8694,8684,SKIP,Nome vazio
8695,8685,SKIP,Nome vazio
8696,8686,SKIP,Nome vazio
8697,8687,SKIP,Nome vazio
8698,8688,SKIP,Nome vazio
8699,8689,SKIP,Nome vazio
8700,8690,SKIP,Nome vazio
8701,8691,SKIP,Nome vazio
8702,8692,SKIP,Nome vazio
8703,8693,SKIP,Nome vazio
8704,8694,SKIP,Nome vazio
8705,8695,SKIP,Nome vazio
8706,8696,SKIP,Nome vazio
8707,8697,SKIP,Nome vazio
8708,8698,SKIP,Nome vazio
8709,8699,SKIP,Nome vazio
8710,8700,SKIP,Nome vazio
8711,8701,SKIP,Nome vazio
8712,8702,SKIP,Nome vazio
8713,8703,SKIP,Nome vazio
8714,8704,SKIP,Nome vazio
8715,8705,SKIP,Nome vazio
8716,8706,SKIP,Nome vazio
8717,8707,SKIP,Nome vazio
8718,8708,SKIP,Nome vazio
8719,8709,SKIP,Nome vazio
8720,8710,SKIP,Nome vazio
8721,8711,SKIP,Nome vazio
8722,8712,SKIP,Nome vazio
8723,8713,SKIP,Nome vazio
8724,8714,SKIP,Nome vazio
8725,8715,SKIP,Nome vazio
8726,8716,SKIP,Nome vazio
8727,8717,SKIP,Nome vazio
8728,8718,SKIP,Nome vazio
8729,8719,SKIP,Nome vazio
8730,8720,SKIP,Nome vazio
8731,8721,SKIP,Nome vazio
8732,8722,SKIP,Nome vazio
8733,8723,SKIP,Nome vazio
8734,8724,SKIP,Nome vazio
8735,8725,SKIP,Nome vazio
8736,8726,SKIP,Nome vazio
8737,8727,SKIP,Nome vazio
8738,8728,SKIP,Nome vazio
8739,8729,SKIP,Nome vazio
8740,8730,SKIP,Nome vazio
8741,8731,SKIP,Nome vazio
8742,8732,SKIP,Nome vazio
8743,8733,SKIP,Nome vazio
8744,8734,SKIP,Nome vazio
8745,8735,SKIP,Nome vazio
8746,8736,SKIP,Nome vazio
8747,8737,SKIP,Nome vazio
8748,8738,SKIP,Nome vazio
8749,8739,SKIP,Nome vazio
8750,8740,SKIP,Nome vazio
8751,8741,SKIP,Nome vazio
8752,8742,SKIP,Nome vazio
8753,8743,SKIP,Nome vazio
8754,8744,SKIP,Nome vazio
8755,8745,SKIP,Nome vazio
8756,8746,SKIP,Nome vazio
8757,8747,SKIP,Nome vazio
8758,8748,SKIP,Nome vazio
8759,8749,SKIP,Nome vazio
8760,8750,SKIP,Nome vazio
8761,8751,SKIP,Nome vazio
8762,8752,SKIP,Nome vazio
8763,8753,SKIP,Nome vazio
8764,8754,SKIP,Nome vazio
8765,8755,SKIP,Nome vazio
8766,8756,SKIP,Nome vazio
8767,8757,SKIP,Nome vazio
8768,8758,SKIP,Nome vazio
8769,8759,SKIP,Nome vazio
8770,8760,SKIP,Nome vazio
8771,8761,SKIP,Nome vazio
8772,8762,SKIP,Nome vazio
8773,8763,SKIP,Nome vazio
8774,8764,SKIP,Nome vazio
8775,8765,SKIP,Nome vazio
8776,8766,SKIP,Nome vazio
8777,8767,SKIP,Nome vazio
8778,8768,SKIP,Nome vazio
8779,8769,SKIP,Nome vazio
8780,8770,SKIP,Nome vazio
8781,8771,SKIP,Nome vazio
8782,8772,SKIP,Nome vazio
8783,8773,SKIP,Nome vazio
8784,8774,SKIP,Nome vazio
8785,8775,SKIP,Nome vazio
8786,8776,SKIP,Nome vazio
8787,8777,SKIP,Nome vazio
8788,8778,SKIP,Nome vazio
8789,8779,SKIP,Nome vazio
8790,8780,SKIP,Nome vazio
8791,8781,SKIP,Nome vazio
8792,8782,SKIP,Nome vazio
8793,8783,SKIP,Nome vazio
8794,8784,SKIP,Nome vazio
8795,8785,SKIP,Nome vazio
8796,8786,SKIP,Nome vazio
8797,8787,SKIP,Nome vazio
8798,8788,SKIP,Nome vazio
8799,8789,SKIP,Nome vazio
8800,8790,SKIP,Nome vazio
8801,8791,SKIP,Nome vazio
8802,8792,SKIP,Nome vazio
8803,8793,SKIP,Nome vazio
8804,8794,SKIP,Nome vazio
8805,8795,SKIP,Nome vazio
8806,8796,SKIP,Nome vazio
8807,8797,SKIP,Nome vazio
8808,8798,SKIP,Nome vazio
8809,8799,SKIP,Nome vazio
8810,8800,SKIP,Nome vazio
8811,8801,SKIP,Nome vazio
8812,8802,SKIP,Nome vazio
8813,8803,SKIP,Nome vazio
8814,8804,SKIP,Nome vazio
8815,8805,SKIP,Nome vazio
8816,8806,SKIP,Nome vazio
8817,8807,SKIP,Nome vazio
8818,8808,SKIP,Nome vazio
8819,8809,SKIP,Nome vazio
8820,8810,SKIP,Nome vazio
8821,8811,SKIP,Nome vazio
8822,8812,SKIP,Nome vazio
8823,8813,SKIP,Nome vazio
8824,8814,SKIP,Nome vazio
8825,8815,SKIP,Nome vazio
8826,8816,SKIP,Nome vazio
8827,8817,SKIP,Nome vazio
8828,8818,SKIP,Nome vazio
8829,8819,SKIP,Nome vazio
8830,8820,SKIP,Nome vazio
8831,8821,SKIP,Nome vazio
8832,8822,SKIP,Nome vazio
8833,8823,SKIP,Nome vazio
8834,8824,SKIP,Nome vazio
8835,8825,SKIP,Nome vazio
8836,8826,SKIP,Nome vazio
8837,8827,SKIP,Nome vazio
8838,8828,SKIP,Nome vazio
8839,8829,SKIP,Nome vazio
8840,8830,SKIP,Nome vazio
8841,8831,SKIP,Nome vazio
8842,8832,SKIP,Nome vazio
8843,8833,SKIP,Nome vazio
8844,8834,SKIP,Nome vazio
8845,8835,SKIP,Nome vazio
8846,8836,SKIP,Nome vazio
8847,8837,SKIP,Nome vazio
8848,8838,SKIP,Nome vazio
8849,8839,SKIP,Nome vazio
8850,8840,SKIP,Nome vazio
8851,8841,SKIP,Nome vazio
8852,8842,SKIP,Nome vazio
8853,8843,SKIP,Nome vazio
8854,8844,SKIP,Nome vazio
8855,8845,SKIP,Nome vazio
8856,8846,SKIP,Nome vazio
8857,8847,SKIP,Nome vazio
8858,8848,SKIP,Nome vazio
8859,8849,SKIP,Nome vazio
8860,8850,SKIP,Nome vazio
8861,8851,SKIP,Nome vazio
8862,8852,SKIP,Nome vazio
8863,8853,SKIP,Nome vazio
8864,8854,SKIP,Nome vazio
8865,8855,SKIP,Nome vazio
8866,8856,SKIP,Nome vazio
8867,8857,SKIP,Nome vazio
8868,8858,SKIP,Nome vazio
8869,8859,SKIP,Nome vazio
8870,8860,SKIP,Nome vazio
8871,8861,SKIP,Nome vazio
8872,8862,SKIP,Nome vazio
8873,8863,SKIP,Nome vazio
8874,8864,SKIP,Nome vazio
8875,8865,SKIP,Nome vazio
8876,8866,SKIP,Nome vazio
8877,8867,SKIP,Nome vazio
8878,8868,SKIP,Nome vazio
8879,8869,SKIP,Nome vazio
8880,8870,SKIP,Nome vazio
8881,8871,SKIP,Nome vazio
8882,8872,SKIP,Nome vazio
8883,8873,SKIP,Nome vazio
8884,8874,SKIP,Nome vazio
8885,8875,SKIP,Nome vazio
8886,8876,SKIP,Nome vazio
8887,8877,SKIP,Nome vazio
8888,8878,SKIP,Nome vazio
8889,8879,SKIP,Nome vazio
8890,8880,SKIP,Nome vazio
8891,8881,SKIP,Nome vazio
8892,8882,SKIP,Nome vazio
8893,8883,SKIP,Nome vazio
8894,8884,SKIP,Nome vazio
8895,8885,SKIP,Nome vazio
8896,8886,SKIP,Nome vazio
8897,8887,SKIP,Nome vazio
8898,8888,SKIP,Nome vazio
8899,8889,SKIP,Nome vazio
8900,8890,SKIP,Nome vazio
8901,8891,SKIP,Nome vazio
8902,8892,SKIP,Nome vazio
8903,8893,SKIP,Nome vazio
8904,8894,SKIP,Nome vazio
8905,8895,SKIP,Nome vazio
8906,8896,SKIP,Nome vazio
8907,8897,SKIP,Nome vazio
8908,8898,SKIP,Nome vazio
8909,8899,SKIP,Nome vazio
8910,8900,SKIP,Nome vazio
8911,8901,SKIP,Nome vazio
8912,8902,SKIP,Nome vazio
8913,8903,SKIP,Nome vazio
8914,8904,SKIP,Nome vazio
8915,8905,SKIP,Nome vazio
8916,8906,SKIP,Nome vazio
8917,8907,SKIP,Nome vazio
8918,8908,SKIP,Nome vazio
8919,8909,SKIP,Nome vazio
8920,8910,SKIP,Nome vazio
8921,8911,SKIP,Nome vazio
8922,8912,SKIP,Nome vazio
8923,8913,SKIP,Nome vazio
8924,8914,SKIP,Nome vazio
8925,8915,SKIP,Nome vazio
8926,8916,SKIP,Nome vazio
8927,8917,SKIP,Nome vazio
8928,8918,SKIP,Nome vazio
8929,8919,SKIP,Nome vazio
8930,8920,SKIP,Nome vazio
8931,8921,SKIP,Nome vazio
8932,8922,SKIP,Nome vazio
8933,8923,SKIP,Nome vazio
8934,8924,SKIP,Nome vazio
8935,8925,SKIP,Nome vazio
8936,8926,SKIP,Nome vazio
8937,8927,SKIP,Nome vazio
8938,8928,SKIP,Nome vazio
8939,8929,SKIP,Nome vazio
8940,8930,SKIP,Nome vazio
8941,8931,SKIP,Nome vazio
8942,8932,SKIP,Nome vazio
8943,8933,SKIP,Nome vazio
8944,8934,SKIP,Nome vazio
8945,8935,SKIP,Nome vazio
8946,8936,SKIP,Nome vazio
8947,8937,SKIP,Nome vazio
8948,8938,SKIP,Nome vazio
8949,8939,SKIP,Nome vazio
8950,8940,SKIP,Nome vazio
8951,8941,SKIP,Nome vazio
8952,8942,SKIP,Nome vazio
8953,8943,SKIP,Nome vazio
8954,8944,SKIP,Nome vazio
8955,8945,SKIP,Nome vazio
8956,8946,SKIP,Nome vazio
8957,8947,SKIP,Nome vazio
8958,8948,SKIP,Nome vazio
8959,8949,SKIP,Nome vazio
8960,8950,SKIP,Nome vazio
8961,8951,SKIP,Nome vazio
8962,8952,SKIP,Nome vazio
8963,8953,SKIP,Nome vazio
8964,8954,SKIP,Nome vazio
8965,8955,SKIP,Nome vazio
8966,8956,SKIP,Nome vazio
8967,8957,SKIP,Nome vazio
8968,8958,SKIP,Nome vazio
8969,8959,SKIP,Nome vazio
8970,8960,SKIP,Nome vazio
8971,8961,SKIP,Nome vazio
8972,8962,SKIP,Nome vazio
8973,8963,SKIP,Nome vazio
8974,8964,SKIP,Nome vazio
8975,8965,SKIP,Nome vazio
8976,8966,SKIP,Nome vazio
8977,8967,SKIP,Nome vazio
8978,8968,SKIP,Nome vazio
8979,8969,SKIP,Nome vazio
8980,8970,SKIP,Nome vazio
8981,8971,SKIP,Nome vazio
8982,8972,SKIP,Nome vazio
8983,8973,SKIP,Nome vazio
8984,8974,SKIP,Nome vazio
8985,8975,SKIP,Nome vazio
8986,8976,SKIP,Nome vazio
8987,8977,SKIP,Nome vazio
8988,8978,SKIP,Nome vazio
8989,8979,SKIP,Nome vazio
8990,8980,SKIP,Nome vazio
8991,8981,SKIP,Nome vazio
8992,8982,SKIP,Nome vazio
8993,8983,SKIP,Nome vazio
8994,8984,SKIP,Nome vazio
8995,8985,SKIP,Nome vazio
8996,8986,SKIP,Nome vazio
8997,8987,SKIP,Nome vazio
8998,8988,SKIP,Nome vazio
8999,8989,SKIP,Nome vazio
9000,8990,SKIP,Nome vazio
9001,8991,SKIP,Nome vazio
9002,8992,SKIP,Nome vazio
9003,8993,SKIP,Nome vazio
9004,8994,SKIP,Nome vazio
9005,8995,SKIP,Nome vazio
9006,8996,SKIP,Nome vazio
9007,8997,SKIP,Nome vazio
9008,8998,SKIP,Nome vazio
9009,8999,SKIP,Nome vazio
9010,9000,SKIP,Nome vazio
9011,9001,SKIP,Nome vazio
9012,9002,SKIP,Nome vazio
9013,9003,SKIP,Nome vazio
9014,9004,SKIP,Nome vazio
9015,9005,SKIP,Nome vazio
9016,9006,SKIP,Nome vazio
9017,9007,SKIP,Nome vazio
9018,9008,SKIP,Nome vazio
9019,9009,SKIP,Nome vazio
9020,9010,SKIP,Nome vazio
9021,9011,SKIP,Nome vazio
9022,9012,SKIP,Nome vazio
9023,9013,SKIP,Nome vazio
9024,9014,SKIP,Nome vazio
9025,9015,SKIP,Nome vazio
9026,9016,SKIP,Nome vazio
9027,9017,SKIP,Nome vazio
9028,9018,SKIP,Nome vazio
9029,9019,SKIP,Nome vazio
9030,9020,SKIP,Nome vazio
9031,9021,SKIP,Nome vazio
9032,9022,SKIP,Nome vazio
9033,9023,SKIP,Nome vazio
9034,9024,SKIP,Nome vazio
9035,9025,SKIP,Nome vazio
9036,9026,SKIP,Nome vazio
9037,9027,SKIP,Nome vazio
9038,9028,SKIP,Nome vazio
9039,9029,SKIP,Nome vazio
9040,9030,SKIP,Nome vazio
9041,9031,SKIP,Nome vazio
9042,9032,SKIP,Nome vazio
9043,9033,SKIP,Nome vazio
9044,9034,SKIP,Nome vazio
9045,9035,SKIP,Nome vazio
9046,9036,SKIP,Nome vazio
9047,9037,SKIP,Nome vazio
9048,9038,SKIP,Nome vazio
9049,9039,SKIP,Nome vazio
9050,9040,SKIP,Nome vazio
9051,9041,SKIP,Nome vazio
9052,9042,SKIP,Nome vazio
9053,9043,SKIP,Nome vazio
9054,9044,SKIP,Nome vazio
9055,9045,SKIP,Nome vazio
9056,9046,SKIP,Nome vazio
9057,9047,SKIP,Nome vazio
9058,9048,SKIP,Nome vazio
9059,9049,SKIP,Nome vazio
9060,9050,SKIP,Nome vazio
9061,9051,SKIP,Nome vazio
9062,9052,SKIP,Nome vazio
9063,9053,SKIP,Nome vazio
9064,9054,SKIP,Nome vazio
9065,9055,SKIP,Nome vazio
9066,9056,SKIP,Nome vazio
9067,9057,SKIP,Nome vazio
9068,9058,SKIP,Nome vazio
9069,9059,SKIP,Nome vazio
9070,9060,SKIP,Nome vazio
9071,9061,SKIP,Nome vazio
9072,9062,SKIP,Nome vazio
9073,9063,SKIP,Nome vazio
9074,9064,SKIP,Nome vazio
9075,9065,SKIP,Nome vazio
9076,9066,SKIP,Nome vazio
9077,9067,SKIP,Nome vazio
9078,9068,SKIP,Nome vazio
9079,9069,SKIP,Nome vazio
9080,9070,SKIP,Nome vazio
9081,9071,SKIP,Nome vazio
9082,9072,SKIP,Nome vazio
9083,9073,SKIP,Nome vazio
9084,9074,SKIP,Nome vazio
9085,9075,SKIP,Nome vazio
9086,9076,SKIP,Nome vazio
9087,9077,SKIP,Nome vazio
9088,9078,SKIP,Nome vazio
9089,9079,SKIP,Nome vazio
9090,9080,SKIP,Nome vazio
9091,9081,SKIP,Nome vazio
9092,9082,SKIP,Nome vazio
9093,9083,SKIP,Nome vazio
9094,9084,SKIP,Nome vazio
9095,9085,SKIP,Nome vazio
9096,9086,SKIP,Nome vazio
9097,9087,SKIP,Nome vazio
9098,9088,SKIP,Nome vazio
9099,9089,SKIP,Nome vazio
9100,9090,SKIP,Nome vazio
9101,9091,SKIP,Nome vazio
9102,9092,SKIP,Nome vazio
9103,9093,SKIP,Nome vazio
9104,9094,SKIP,Nome vazio
9105,9095,SKIP,Nome vazio
9106,9096,SKIP,Nome vazio
9107,9097,SKIP,Nome vazio
9108,9098,SKIP,Nome vazio
9109,9099,SKIP,Nome vazio
9110,9100,SKIP,Nome vazio
9111,9101,SKIP,Nome vazio
9112,9102,SKIP,Nome vazio
9113,9103,SKIP,Nome vazio
9114,9104,SKIP,Nome vazio
9115,9105,SKIP,Nome vazio
9116,9106,SKIP,Nome vazio
9117,9107,SKIP,Nome vazio
9118,9108,SKIP,Nome vazio
9119,9109,SKIP,Nome vazio
9120,9110,SKIP,Nome vazio
9121,9111,SKIP,Nome vazio
9122,9112,SKIP,Nome vazio
9123,9113,SKIP,Nome vazio
9124,9114,SKIP,Nome vazio
9125,9115,SKIP,Nome vazio
9126,9116,SKIP,Nome vazio
9127,9117,SKIP,Nome vazio
9128,9118,SKIP,Nome vazio
9129,9119,SKIP,Nome vazio
9130,9120,SKIP,Nome vazio
9131,9121,SKIP,Nome vazio
9132,9122,SKIP,Nome vazio
9133,9123,SKIP,Nome vazio
9134,9124,SKIP,Nome vazio
9135,9125,SKIP,Nome vazio
9136,9126,SKIP,Nome vazio
9137,9127,SKIP,Nome vazio
9138,9128,SKIP,Nome vazio
9139,9129,SKIP,Nome vazio
9140,9130,SKIP,Nome vazio
9141,9131,SKIP,Nome vazio
9142,9132,SKIP,Nome vazio
9143,9133,SKIP,Nome vazio
9144,9134,SKIP,Nome vazio
9145,9135,SKIP,Nome vazio
9146,9136,SKIP,Nome vazio
9147,9137,SKIP,Nome vazio
9148,9138,SKIP,Nome vazio
9149,9139,SKIP,Nome vazio
9150,9140,SKIP,Nome vazio
9151,9141,SKIP,Nome vazio
9152,9142,SKIP,Nome vazio
9153,9143,SKIP,Nome vazio
9154,9144,SKIP,Nome vazio
9155,9145,SKIP,Nome vazio
9156,9146,SKIP,Nome vazio
9157,9147,SKIP,Nome vazio
9158,9148,SKIP,Nome vazio
9159,9149,SKIP,Nome vazio
9160,9150,SKIP,Nome vazio
9161,9151,SKIP,Nome vazio
9162,9152,SKIP,Nome vazio
9163,9153,SKIP,Nome vazio
9164,9154,SKIP,Nome vazio
9165,9155,SKIP,Nome vazio
9166,9156,SKIP,Nome vazio
9167,9157,SKIP,Nome vazio
9168,9158,SKIP,Nome vazio
9169,9159,SKIP,Nome vazio
9170,9160,SKIP,Nome vazio
9171,9161,SKIP,Nome vazio
9172,9162,SKIP,Nome vazio
9173,9163,SKIP,Nome vazio
9174,9164,SKIP,Nome vazio
9175,9165,SKIP,Nome vazio
9176,9166,SKIP,Nome vazio
9177,9167,SKIP,Nome vazio
9178,9168,SKIP,Nome vazio
9179,9169,SKIP,Nome vazio
9180,9170,SKIP,Nome vazio
9181,9171,SKIP,Nome vazio
9182,9172,SKIP,Nome vazio
9183,9173,SKIP,Nome vazio
9184,9174,SKIP,Nome vazio
9185,9175,SKIP,Nome vazio
9186,9176,SKIP,Nome vazio
9187,9177,SKIP,Nome vazio
9188,9178,SKIP,Nome vazio
9189,9179,SKIP,Nome vazio
9190,9180,SKIP,Nome vazio
9191,9181,SKIP,Nome vazio
9192,9182,SKIP,Nome vazio
9193,9183,SKIP,Nome vazio
9194,9184,SKIP,Nome vazio
9195,9185,SKIP,Nome vazio
9196,9186,SKIP,Nome vazio
9197,9187,SKIP,Nome vazio
9198,9188,SKIP,Nome vazio
9199,9189,SKIP,Nome vazio
9200,9190,SKIP,Nome vazio
9201,9191,SKIP,Nome vazio
9202,9192,SKIP,Nome vazio
9203,9193,SKIP,Nome vazio
9204,9194,SKIP,Nome vazio
9205,9195,SKIP,Nome vazio
9206,9196,SKIP,Nome vazio
9207,9197,SKIP,Nome vazio
9208,9198,SKIP,Nome vazio
9209,9199,SKIP,Nome vazio
9210,9200,SKIP,Nome vazio
9211,9201,SKIP,Nome vazio
9212,9202,SKIP,Nome vazio
9213,9203,SKIP,Nome vazio
9214,9204,SKIP,Nome vazio
9215,9205,SKIP,Nome vazio
9216,9206,SKIP,Nome vazio
9217,9207,SKIP,Nome vazio
9218,9208,SKIP,Nome vazio
9219,9209,SKIP,Nome vazio
9220,9210,SKIP,Nome vazio
9221,9211,SKIP,Nome vazio
9222,9212,SKIP,Nome vazio
9223,9213,SKIP,Nome vazio
9224,9214,SKIP,Nome vazio
9225,9215,SKIP,Nome vazio
9226,9216,SKIP,Nome vazio
9227,9217,SKIP,Nome vazio
9228,9218,SKIP,Nome vazio
9229,9219,SKIP,Nome vazio
9230,9220,SKIP,Nome vazio
9231,9221,SKIP,Nome vazio
9232,9222,SKIP,Nome vazio
9233,9223,SKIP,Nome vazio
9234,9224,SKIP,Nome vazio
9235,9225,SKIP,Nome vazio
9236,9226,SKIP,Nome vazio
9237,9227,SKIP,Nome vazio
9238,9228,SKIP,Nome vazio
9239,9229,SKIP,Nome vazio
9240,9230,SKIP,Nome vazio
9241,9231,SKIP,Nome vazio
9242,9232,SKIP,Nome vazio
9243,9233,SKIP,Nome vazio
9244,9234,SKIP,Nome vazio
9245,9235,SKIP,Nome vazio
9246,9236,SKIP,Nome vazio
9247,9237,SKIP,Nome vazio
9248,9238,SKIP,Nome vazio
9249,9239,SKIP,Nome vazio
9250,9240,SKIP,Nome vazio
9251,9241,SKIP,Nome vazio
9252,9242,SKIP,Nome vazio
9253,9243,SKIP,Nome vazio
9254,9244,SKIP,Nome vazio
9255,9245,SKIP,Nome vazio
9256,9246,SKIP,Nome vazio
9257,9247,SKIP,Nome vazio
9258,9248,SKIP,Nome vazio
9259,9249,SKIP,Nome vazio
9260,9250,SKIP,Nome vazio
9261,9251,SKIP,Nome vazio
9262,9252,SKIP,Nome vazio
9263,9253,SKIP,Nome vazio
9264,9254,SKIP,Nome vazio
9265,9255,SKIP,Nome vazio
9266,9256,SKIP,Nome vazio
9267,9257,SKIP,Nome vazio
9268,9258,SKIP,Nome vazio
9269,9259,SKIP,Nome vazio
9270,9260,SKIP,Nome vazio
9271,9261,SKIP,Nome vazio
9272,9262,SKIP,Nome vazio
9273,9263,SKIP,Nome vazio
9274,9264,SKIP,Nome vazio
9275,9265,SKIP,Nome vazio
9276,9266,SKIP,Nome vazio
9277,9267,SKIP,Nome vazio
9278,9268,SKIP,Nome vazio
9279,9269,SKIP,Nome vazio
9280,9270,SKIP,Nome vazio
9281,9271,SKIP,Nome vazio
9282,9272,SKIP,Nome vazio
9283,9273,SKIP,Nome vazio
9284,9274,SKIP,Nome vazio
9285,9275,SKIP,Nome vazio
9286,9276,SKIP,Nome vazio
9287,9277,SKIP,Nome vazio
9288,9278,SKIP,Nome vazio
9289,9279,SKIP,Nome vazio
9290,9280,SKIP,Nome vazio
9291,9281,SKIP,Nome vazio
9292,9282,SKIP,Nome vazio
9293,9283,SKIP,Nome vazio
9294,9284,SKIP,Nome vazio
9295,9285,SKIP,Nome vazio
9296,9286,SKIP,Nome vazio
9297,9287,SKIP,Nome vazio
9298,9288,SKIP,Nome vazio
9299,9289,SKIP,Nome vazio
9300,9290,SKIP,Nome vazio
9301,9291,SKIP,Nome vazio
9302,9292,SKIP,Nome vazio
9303,9293,SKIP,Nome vazio
9304,9294,SKIP,Nome vazio
9305,9295,SKIP,Nome vazio
9306,9296,SKIP,Nome vazio
9307,9297,SKIP,Nome vazio
9308,9298,SKIP,Nome vazio
9309,9299,SKIP,Nome vazio
9310,9300,SKIP,Nome vazio
9311,9301,SKIP,Nome vazio
9312,9302,SKIP,Nome vazio
9313,9303,SKIP,Nome vazio
9314,9304,SKIP,Nome vazio
9315,9305,SKIP,Nome vazio
9316,9306,SKIP,Nome vazio
9317,9307,SKIP,Nome vazio
9318,9308,SKIP,Nome vazio
9319,9309,SKIP,Nome vazio
9320,9310,SKIP,Nome vazio
9321,9311,SKIP,Nome vazio
9322,9312,SKIP,Nome vazio
9323,9313,SKIP,Nome vazio
9324,9314,SKIP,Nome vazio
9325,9315,SKIP,Nome vazio
9326,9316,SKIP,Nome vazio
9327,9317,SKIP,Nome vazio
9328,9318,SKIP,Nome vazio
9329,9319,SKIP,Nome vazio
9330,9320,SKIP,Nome vazio
9331,9321,SKIP,Nome vazio
9332,9322,SKIP,Nome vazio
9333,9323,SKIP,Nome vazio
9334,9324,SKIP,Nome vazio
9335,9325,SKIP,Nome vazio
9336,9326,SKIP,Nome vazio
9337,9327,SKIP,Nome vazio
9338,9328,SKIP,Nome vazio
9339,9329,SKIP,Nome vazio
9340,9330,SKIP,Nome vazio
9341,9331,SKIP,Nome vazio
9342,9332,SKIP,Nome vazio
9343,9333,SKIP,Nome vazio
9344,9334,SKIP,Nome vazio
9345,9335,SKIP,Nome vazio
9346,9336,SKIP,Nome vazio
9347,9337,SKIP,Nome vazio
9348,9338,SKIP,Nome vazio
9349,9339,SKIP,Nome vazio
9350,9340,SKIP,Nome vazio
9351,9341,SKIP,Nome vazio
9352,9342,SKIP,Nome vazio
9353,9343,SKIP,Nome vazio
9354,9344,SKIP,Nome vazio
9355,9345,SKIP,Nome vazio
9356,9346,SKIP,Nome vazio
9357,9347,SKIP,Nome vazio
9358,9348,SKIP,Nome vazio
9359,9349,SKIP,Nome vazio
9360,9350,SKIP,Nome vazio
9361,9351,SKIP,Nome vazio
9362,9352,SKIP,Nome vazio
9363,9353,SKIP,Nome vazio
9364,9354,SKIP,Nome vazio
9365,9355,SKIP,Nome vazio
9366,9356,SKIP,Nome vazio
9367,9357,SKIP,Nome vazio
9368,9358,SKIP,Nome vazio
9369,9359,SKIP,Nome vazio
9370,9360,SKIP,Nome vazio
9371,9361,SKIP,Nome vazio
9372,9362,SKIP,Nome vazio
9373,9363,SKIP,Nome vazio
9374,9364,SKIP,Nome vazio
9375,9365,SKIP,Nome vazio
9376,9366,SKIP,Nome vazio
9377,9367,SKIP,Nome vazio
9378,9368,SKIP,Nome vazio
9379,9369,SKIP,Nome vazio
9380,9370,SKIP,Nome vazio
9381,9371,SKIP,Nome vazio
9382,9372,SKIP,Nome vazio
9383,9373,SKIP,Nome vazio
9384,9374,SKIP,Nome vazio
9385,9375,SKIP,Nome vazio
9386,9376,SKIP,Nome vazio
9387,9377,SKIP,Nome vazio
9388,9378,SKIP,Nome vazio
9389,9379,SKIP,Nome vazio
9390,9380,SKIP,Nome vazio
9391,9381,SKIP,Nome vazio
9392,9382,SKIP,Nome vazio
9393,9383,SKIP,Nome vazio
9394,9384,SKIP,Nome vazio
9395,9385,SKIP,Nome vazio
9396,9386,SKIP,Nome vazio
9397,9387,SKIP,Nome vazio
9398,9388,SKIP,Nome vazio
9399,9389,SKIP,Nome vazio
9400,9390,SKIP,Nome vazio
9401,9391,SKIP,Nome vazio
9402,9392,SKIP,Nome vazio
9403,9393,SKIP,Nome vazio
9404,9394,SKIP,Nome vazio
9405,9395,SKIP,Nome vazio
9406,9396,SKIP,Nome vazio
9407,9397,SKIP,Nome vazio
9408,9398,SKIP,Nome vazio
9409,9399,SKIP,Nome vazio
9410,9400,SKIP,Nome vazio
9411,9401,SKIP,Nome vazio
9412,9402,SKIP,Nome vazio
9413,9403,SKIP,Nome vazio
9414,9404,SKIP,Nome vazio
9415,9405,SKIP,Nome vazio
9416,9406,SKIP,Nome vazio
9417,9407,SKIP,Nome vazio
9418,9408,SKIP,Nome vazio
9419,9409,SKIP,Nome vazio
9420,9410,SKIP,Nome vazio
9421,9411,SKIP,Nome vazio
9422,9412,SKIP,Nome vazio
9423,9413,SKIP,Nome vazio
9424,9414,SKIP,Nome vazio
9425,9415,SKIP,Nome vazio
9426,9416,SKIP,Nome vazio
9427,9417,SKIP,Nome vazio
9428,9418,SKIP,Nome vazio
9429,9419,SKIP,Nome vazio
9430,9420,SKIP,Nome vazio
9431,9421,SKIP,Nome vazio
9432,9422,SKIP,Nome vazio
9433,9423,SKIP,Nome vazio
9434,9424,SKIP,Nome vazio
9435,9425,SKIP,Nome vazio
9436,9426,SKIP,Nome vazio
9437,9427,SKIP,Nome vazio
9438,9428,SKIP,Nome vazio
9439,9429,SKIP,Nome vazio
9440,9430,SKIP,Nome vazio
9441,9431,SKIP,Nome vazio
9442,9432,SKIP,Nome vazio
9443,9433,SKIP,Nome vazio
9444,9434,SKIP,Nome vazio
9445,9435,SKIP,Nome vazio
9446,9436,SKIP,Nome vazio
9447,9437,SKIP,Nome vazio
9448,9438,SKIP,Nome vazio
9449,9439,SKIP,Nome vazio
9450,9440,SKIP,Nome vazio
9451,9441,SKIP,Nome vazio
9452,9442,SKIP,Nome vazio
9453,9443,SKIP,Nome vazio
9454,9444,SKIP,Nome vazio
9455,9445,SKIP,Nome vazio
9456,9446,SKIP,Nome vazio
9457,9447,SKIP,Nome vazio
9458,9448,SKIP,Nome vazio
9459,9449,SKIP,Nome vazio
9460,9450,SKIP,Nome vazio
9461,9451,SKIP,Nome vazio
9462,9452,SKIP,Nome vazio
9463,9453,SKIP,Nome vazio
9464,9454,SKIP,Nome vazio
9465,9455,SKIP,Nome vazio
9466,9456,SKIP,Nome vazio
9467,9457,SKIP,Nome vazio
9468,9458,SKIP,Nome vazio
9469,9459,SKIP,Nome vazio
9470,9460,SKIP,Nome vazio
9471,9461,SKIP,Nome vazio
9472,9462,SKIP,Nome vazio
9473,9463,SKIP,Nome vazio
9474,9464,SKIP,Nome vazio
9475,9465,SKIP,Nome vazio
9476,9466,SKIP,Nome vazio
9477,9467,SKIP,Nome vazio
9478,9468,SKIP,Nome vazio
9479,9469,SKIP,Nome vazio
9480,9470,SKIP,Nome vazio
9481,9471,SKIP,Nome vazio
9482,9472,SKIP,Nome vazio
9483,9473,SKIP,Nome vazio
9484,9474,SKIP,Nome vazio
9485,9475,SKIP,Nome vazio
9486,9476,SKIP,Nome vazio
9487,9477,SKIP,Nome vazio
9488,9478,SKIP,Nome vazio
9489,9479,SKIP,Nome vazio
9490,9480,SKIP,Nome vazio
9491,9481,SKIP,Nome vazio
9492,9482,SKIP,Nome vazio
9493,9483,SKIP,Nome vazio
9494,9484,SKIP,Nome vazio
9495,9485,SKIP,Nome vazio
9496,9486,SKIP,Nome vazio
9497,9487,SKIP,Nome vazio
9498,9488,SKIP,Nome vazio
9499,9489,SKIP,Nome vazio
9500,9490,SKIP,Nome vazio
9501,9491,SKIP,Nome vazio
9502,9492,SKIP,Nome vazio
9503,9493,SKIP,Nome vazio
9504,9494,SKIP,Nome vazio
9505,9495,SKIP,Nome vazio
9506,9496,SKIP,Nome vazio
9507,9497,SKIP,Nome vazio
9508,9498,SKIP,Nome vazio
9509,9499,SKIP,Nome vazio
9510,9500,SKIP,Nome vazio
9511,9501,SKIP,Nome vazio
9512,9502,SKIP,Nome vazio
9513,9503,SKIP,Nome vazio
9514,9504,SKIP,Nome vazio
9515,9505,SKIP,Nome vazio
9516,9506,SKIP,Nome vazio
9517,9507,SKIP,Nome vazio
9518,9508,SKIP,Nome vazio
9519,9509,SKIP,Nome vazio
9520,9510,SKIP,Nome vazio
9521,9511,SKIP,Nome vazio
9522,9512,SKIP,Nome vazio
9523,9513,SKIP,Nome vazio
9524,9514,SKIP,Nome vazio
9525,9515,SKIP,Nome vazio
9526,9516,SKIP,Nome vazio
9527,9517,SKIP,Nome vazio
9528,9518,SKIP,Nome vazio
9529,9519,SKIP,Nome vazio
9530,9520,SKIP,Nome vazio
9531,9521,SKIP,Nome vazio
9532,9522,SKIP,Nome vazio
9533,9523,SKIP,Nome vazio
9534,9524,SKIP,Nome vazio
9535,9525,SKIP,Nome vazio
9536,9526,SKIP,Nome vazio
9537,9527,SKIP,Nome vazio
9538,9528,SKIP,Nome vazio
9539,9529,SKIP,Nome vazio
9540,9530,SKIP,Nome vazio
9541,9531,SKIP,Nome vazio
9542,9532,SKIP,Nome vazio
9543,9533,SKIP,Nome vazio
9544,9534,SKIP,Nome vazio
9545,9535,SKIP,Nome vazio
9546,9536,SKIP,Nome vazio
9547,9537,SKIP,Nome vazio
9548,9538,SKIP,Nome vazio
9549,9539,SKIP,Nome vazio
9550,9540,SKIP,Nome vazio
9551,9541,SKIP,Nome vazio
9552,9542,SKIP,Nome vazio
9553,9543,SKIP,Nome vazio
9554,9544,SKIP,Nome vazio
9555,9545,SKIP,Nome vazio
9556,9546,SKIP,Nome vazio
9557,9547,SKIP,Nome vazio
9558,9548,SKIP,Nome vazio
9559,9549,SKIP,Nome vazio
9560,9550,SKIP,Nome vazio
9561,9551,SKIP,Nome vazio
9562,9552,SKIP,Nome vazio
9563,9553,SKIP,Nome vazio
9564,9554,SKIP,Nome vazio
9565,9555,SKIP,Nome vazio
9566,9556,SKIP,Nome vazio
9567,9557,SKIP,Nome vazio
9568,9558,SKIP,Nome vazio
9569,9559,SKIP,Nome vazio
9570,9560,SKIP,Nome vazio
9571,9561,SKIP,Nome vazio
9572,9562,SKIP,Nome vazio
9573,9563,SKIP,Nome vazio
9574,9564,SKIP,Nome vazio
9575,9565,SKIP,Nome vazio
9576,9566,SKIP,Nome vazio
9577,9567,SKIP,Nome vazio
9578,9568,SKIP,Nome vazio
9579,9569,SKIP,Nome vazio
9580,9570,SKIP,Nome vazio
9581,9571,SKIP,Nome vazio
9582,9572,SKIP,Nome vazio
9583,9573,SKIP,Nome vazio
9584,9574,SKIP,Nome vazio
9585,9575,SKIP,Nome vazio
9586,9576,SKIP,Nome vazio
9587,9577,SKIP,Nome vazio
9588,9578,SKIP,Nome vazio
9589,9579,SKIP,Nome vazio
9590,9580,SKIP,Nome vazio
9591,9581,SKIP,Nome vazio
9592,9582,SKIP,Nome vazio
9593,9583,SKIP,Nome vazio
9594,9584,SKIP,Nome vazio
9595,9585,SKIP,Nome vazio
9596,9586,SKIP,Nome vazio
9597,9587,SKIP,Nome vazio
9598,9588,SKIP,Nome vazio
9599,9589,SKIP,Nome vazio
9600,9590,SKIP,Nome vazio
9601,9591,SKIP,Nome vazio
9602,9592,SKIP,Nome vazio
9603,9593,SKIP,Nome vazio
9604,9594,SKIP,Nome vazio
9605,9595,SKIP,Nome vazio
9606,9596,SKIP,Nome vazio
9607,9597,SKIP,Nome vazio
9608,9598,SKIP,Nome vazio
9609,9599,SKIP,Nome vazio
9610,9600,SKIP,Nome vazio
9611,9601,SKIP,Nome vazio
9612,9602,SKIP,Nome vazio
9613,9603,SKIP,Nome vazio
9614,9604,SKIP,Nome vazio
9615,9605,SKIP,Nome vazio
9616,9606,SKIP,Nome vazio
9617,9607,SKIP,Nome vazio
9618,9608,SKIP,Nome vazio
9619,9609,SKIP,Nome vazio
9620,9610,SKIP,Nome vazio
9621,9611,SKIP,Nome vazio
9622,9612,SKIP,Nome vazio
9623,9613,SKIP,Nome vazio
9624,9614,SKIP,Nome vazio
9625,9615,SKIP,Nome vazio
9626,9616,SKIP,Nome vazio
9627,9617,SKIP,Nome vazio
9628,9618,SKIP,Nome vazio
9629,9619,SKIP,Nome vazio
9630,9620,SKIP,Nome vazio
9631,9621,SKIP,Nome vazio
9632,9622,SKIP,Nome vazio
9633,9623,SKIP,Nome vazio
9634,9624,SKIP,Nome vazio
9635,9625,SKIP,Nome vazio
9636,9626,SKIP,Nome vazio
9637,9627,SKIP,Nome vazio
9638,9628,SKIP,Nome vazio
9639,9629,SKIP,Nome vazio
9640,9630,SKIP,Nome vazio
9641,9631,SKIP,Nome vazio
9642,9632,SKIP,Nome vazio
9643,9633,SKIP,Nome vazio
9644,9634,SKIP,Nome vazio
9645,9635,SKIP,Nome vazio
9646,9636,SKIP,Nome vazio
9647,9637,SKIP,Nome vazio
9648,9638,SKIP,Nome vazio
9649,9639,SKIP,Nome vazio
9650,9640,SKIP,Nome vazio
9651,9641,SKIP,Nome vazio
9652,9642,SKIP,Nome vazio
9653,9643,SKIP,Nome vazio
9654,9644,SKIP,Nome vazio
9655,9645,SKIP,Nome vazio
9656,9646,SKIP,Nome vazio
9657,9647,SKIP,Nome vazio
9658,9648,SKIP,Nome vazio
9659,9649,SKIP,Nome vazio
9660,9650,SKIP,Nome vazio
9661,9651,SKIP,Nome vazio
9662,9652,SKIP,Nome vazio
9663,9653,SKIP,Nome vazio
9664,9654,SKIP,Nome vazio
9665,9655,SKIP,Nome vazio
9666,9656,SKIP,Nome vazio
9667,9657,SKIP,Nome vazio
9668,9658,SKIP,Nome vazio
9669,9659,SKIP,Nome vazio
9670,9660,SKIP,Nome vazio
9671,9661,SKIP,Nome vazio
9672,9662,SKIP,Nome vazio
9673,9663,SKIP,Nome vazio
9674,9664,SKIP,Nome vazio
9675,9665,SKIP,Nome vazio
9676,9666,SKIP,Nome vazio
9677,9667,SKIP,Nome vazio
9678,9668,SKIP,Nome vazio
9679,9669,SKIP,Nome vazio
9680,9670,SKIP,Nome vazio
9681,9671,SKIP,Nome vazio
9682,9672,SKIP,Nome vazio
9683,9673,SKIP,Nome vazio
9684,9674,SKIP,Nome vazio
9685,9675,SKIP,Nome vazio
9686,9676,SKIP,Nome vazio
9687,9677,SKIP,Nome vazio
9688,9678,SKIP,Nome vazio
9689,9679,SKIP,Nome vazio
9690,9680,SKIP,Nome vazio
9691,9681,SKIP,Nome vazio
9692,9682,SKIP,Nome vazio
9693,9683,SKIP,Nome vazio
9694,9684,SKIP,Nome vazio
9695,9685,SKIP,Nome vazio
9696,9686,SKIP,Nome vazio
9697,9687,SKIP,Nome vazio
9698,9688,SKIP,Nome vazio
9699,9689,SKIP,Nome vazio
9700,9690,SKIP,Nome vazio
9701,9691,SKIP,Nome vazio
9702,9692,SKIP,Nome vazio
9703,9693,SKIP,Nome vazio
9704,9694,SKIP,Nome vazio
9705,9695,SKIP,Nome vazio
9706,9696,SKIP,Nome vazio
9707,9697,SKIP,Nome vazio
9708,9698,SKIP,Nome vazio
9709,9699,SKIP,Nome vazio
9710,9700,SKIP,Nome vazio
9711,9701,SKIP,Nome vazio
9712,9702,SKIP,Nome vazio
9713,9703,SKIP,Nome vazio
9714,9704,SKIP,Nome vazio
9715,9705,SKIP,Nome vazio
9716,9706,SKIP,Nome vazio
9717,9707,SKIP,Nome vazio
9718,9708,SKIP,Nome vazio
9719,9709,SKIP,Nome vazio
9720,9710,SKIP,Nome vazio
9721,9711,SKIP,Nome vazio
9722,9712,SKIP,Nome vazio
9723,9713,SKIP,Nome vazio
9724,9714,SKIP,Nome vazio
9725,9715,SKIP,Nome vazio
9726,9716,SKIP,Nome vazio
9727,9717,SKIP,Nome vazio
9728,9718,SKIP,Nome vazio
9729,9719,SKIP,Nome vazio
9730,9720,SKIP,Nome vazio
9731,9721,SKIP,Nome vazio
9732,9722,SKIP,Nome vazio
9733,9723,SKIP,Nome vazio
9734,9724,SKIP,Nome vazio
9735,9725,SKIP,Nome vazio
9736,9726,SKIP,Nome vazio
9737,9727,SKIP,Nome vazio
9738,9728,SKIP,Nome vazio
9739,9729,SKIP,Nome vazio
9740,9730,SKIP,Nome vazio
9741,9731,SKIP,Nome vazio
9742,9732,SKIP,Nome vazio
9743,9733,SKIP,Nome vazio
9744,9734,SKIP,Nome vazio
9745,9735,SKIP,Nome vazio
9746,9736,SKIP,Nome vazio
9747,9737,SKIP,Nome vazio
9748,9738,SKIP,Nome vazio
9749,9739,SKIP,Nome vazio
9750,9740,SKIP,Nome vazio
9751,9741,SKIP,Nome vazio
9752,9742,SKIP,Nome vazio
9753,9743,SKIP,Nome vazio
9754,9744,SKIP,Nome vazio
9755,9745,SKIP,Nome vazio
9756,9746,SKIP,Nome vazio
9757,9747,SKIP,Nome vazio
9758,9748,SKIP,Nome vazio
9759,9749,SKIP,Nome vazio
9760,9750,SKIP,Nome vazio
9761,9751,SKIP,Nome vazio
9762,9752,SKIP,Nome vazio
9763,9753,SKIP,Nome vazio
9764,9754,SKIP,Nome vazio
9765,9755,SKIP,Nome vazio
9766,9756,SKIP,Nome vazio
9767,9757,SKIP,Nome vazio
9768,9758,SKIP,Nome vazio
9769,9759,SKIP,Nome vazio
9770,9760,SKIP,Nome vazio
9771,9761,SKIP,Nome vazio
9772,9762,SKIP,Nome vazio
9773,9763,SKIP,Nome vazio
9774,9764,SKIP,Nome vazio
9775,9765,SKIP,Nome vazio
9776,9766,SKIP,Nome vazio
9777,9767,SKIP,Nome vazio
9778,9768,SKIP,Nome vazio
9779,9769,SKIP,Nome vazio
9780,9770,SKIP,Nome vazio
9781,9771,SKIP,Nome vazio
9782,9772,SKIP,Nome vazio
9783,9773,SKIP,Nome vazio
9784,9774,SKIP,Nome vazio
9785,9775,SKIP,Nome vazio
